invoice_id,true_label,matched_reference
INV-1001,CLEAN,
INV-1002,CLEAN,
INV-1003,CLEAN,
INV-1004,CLEAN,
INV-1005,CLEAN,
INV-1006,CLEAN,
INV-1007,CLEAN,
INV-1008,CLEAN,
INV-1009,CLEAN,
INV-1010,CLEAN,
INV-1011,CLEAN,
INV-1012,CLEAN,
INV-1013,CLEAN,
INV-1014,CLEAN,
INV-1015,CLEAN,
INV-1016,CLEAN,
INV-1017,CLEAN,
INV-1018,CLEAN,
INV-1019,CLEAN,
INV-1020,CLEAN,
INV-1021,CLEAN,
INV-1022,CLEAN,
INV-1023,CLEAN,
INV-1024,CLEAN,
INV-1025,CLEAN,
INV-1026,CLEAN,
INV-1027,CLEAN,
INV-1028,CLEAN,
INV-1029,CLEAN,
INV-1030,CLEAN,
INV-1031,CLEAN,
INV-1032,CLEAN,
INV-1033,CLEAN,
INV-1034,CLEAN,
INV-1035,CLEAN,
INV-1036,CLEAN,
INV-1037,CLEAN,
INV-1038,CLEAN,
INV-1039,CLEAN,
INV-1040,CLEAN,
INV-1041,CLEAN,
INV-1042,CLEAN,
INV-1043,CLEAN,
INV-1044,CLEAN,
INV-1045,CLEAN,
INV-1046,CLEAN,
INV-1047,CLEAN,
INV-1048,CLEAN,
INV-1049,CLEAN,
INV-1050,CLEAN,
INV-1051,CLEAN,
INV-1052,CLEAN,
INV-1053,CLEAN,
INV-1054,CLEAN,
INV-1055,CLEAN,
INV-1056,CLEAN,
INV-1057,CLEAN,
INV-1058,CLEAN,
INV-1059,CLEAN,
INV-1060,CLEAN,
INV-1061,CLEAN,
INV-1062,CLEAN,
INV-1063,CLEAN,
INV-1064,CLEAN,
INV-1065,CLEAN,
INV-1066,CLEAN,
INV-1067,CLEAN,
INV-1068,CLEAN,
INV-1069,CLEAN,
INV-1070,CLEAN,
INV-1071,CLEAN,
INV-1072,CLEAN,
INV-1073,CLEAN,
INV-1074,CLEAN,
INV-1075,CLEAN,
INV-1076,CLEAN,
INV-1077,CLEAN,
INV-1078,CLEAN,
INV-1079,CLEAN,
INV-1080,CLEAN,
INV-1081,CLEAN,
INV-1082,CLEAN,
INV-1083,CLEAN,
INV-1084,CLEAN,
INV-1085,CLEAN,
INV-1086,CLEAN,
INV-1087,CLEAN,
INV-1088,CLEAN,
INV-1089,CLEAN,
INV-1090,CLEAN,
INV-1091,CLEAN,
INV-1092,CLEAN,
INV-1093,CLEAN,
INV-1094,CLEAN,
INV-1095,CLEAN,
INV-1096,CLEAN,
INV-1097,CLEAN,
INV-1098,CLEAN,
INV-1099,CLEAN,
INV-1100,CLEAN,
INV-1101,CLEAN,
INV-1102,CLEAN,
INV-1103,CLEAN,
INV-1104,CLEAN,
INV-1105,CLEAN,
INV-1106,CLEAN,
INV-1107,CLEAN,
INV-1108,CLEAN,
INV-1109,CLEAN,
INV-1110,CLEAN,
INV-1111,CLEAN,
INV-1112,CLEAN,
INV-1113,CLEAN,
INV-1114,CLEAN,
INV-1115,CLEAN,
INV-1116,CLEAN,
INV-1117,CLEAN,
INV-1118,CLEAN,
INV-1119,CLEAN,
INV-1120,CLEAN,
INV-1121,CLEAN,
INV-1122,CLEAN,
INV-1123,CLEAN,
INV-1124,CLEAN,
INV-1125,CLEAN,
INV-1126,CLEAN,
INV-1127,CLEAN,
INV-1128,CLEAN,
INV-1129,CLEAN,
INV-1130,CLEAN,
INV-1131,CLEAN,
INV-1132,CLEAN,
INV-1133,CLEAN,
INV-1134,CLEAN,
INV-1135,CLEAN,
INV-1136,CLEAN,
INV-1137,CLEAN,
INV-1138,CLEAN,
INV-1139,CLEAN,
INV-1140,CLEAN,
INV-1141,CLEAN,
INV-1142,CLEAN,
INV-1143,CLEAN,
INV-1144,CLEAN,
INV-1145,CLEAN,
INV-1146,CLEAN,
INV-1147,CLEAN,
INV-1148,CLEAN,
INV-1149,CLEAN,
INV-1150,CLEAN,
INV-1151,CLEAN,
INV-1152,CLEAN,
INV-1153,CLEAN,
INV-1154,CLEAN,
INV-1155,CLEAN,
INV-1156,CLEAN,
INV-1157,CLEAN,
INV-1158,CLEAN,
INV-1159,CLEAN,
INV-1160,CLEAN,
INV-1161,CLEAN,
INV-1162,CLEAN,
INV-1163,CLEAN,
INV-1164,CLEAN,
INV-1165,CLEAN,
INV-1166,CLEAN,
INV-1167,CLEAN,
INV-1168,CLEAN,
INV-1169,CLEAN,
INV-1170,CLEAN,
INV-1171,CLEAN,
INV-1172,CLEAN,
INV-1173,CLEAN,
INV-1174,CLEAN,
INV-1175,CLEAN,
INV-1176,CLEAN,
INV-1177,CLEAN,
INV-1178,CLEAN,
INV-1179,CLEAN,
INV-1180,CLEAN,
INV-1181,CLEAN,
INV-1182,CLEAN,
INV-1183,CLEAN,
INV-1184,CLEAN,
INV-1185,CLEAN,
INV-1186,CLEAN,
INV-1187,CLEAN,
INV-1188,CLEAN,
INV-1189,CLEAN,
INV-1190,CLEAN,
INV-1191,CLEAN,
INV-1192,CLEAN,
INV-1193,CLEAN,
INV-1194,CLEAN,
INV-1195,CLEAN,
INV-1196,CLEAN,
INV-1197,CLEAN,
INV-1198,CLEAN,
INV-1199,CLEAN,
INV-1200,CLEAN,
INV-1201,CLEAN,
INV-1202,CLEAN,
INV-1203,CLEAN,
INV-1204,CLEAN,
INV-1205,CLEAN,
INV-1206,CLEAN,
INV-1207,CLEAN,
INV-1208,CLEAN,
INV-1209,CLEAN,
INV-1210,CLEAN,
INV-1211,CLEAN,
INV-1212,CLEAN,
INV-1213,CLEAN,
INV-1214,CLEAN,
INV-1215,CLEAN,
INV-1216,CLEAN,
INV-1217,CLEAN,
INV-1218,CLEAN,
INV-1219,CLEAN,
INV-1220,CLEAN,
INV-1221,CLEAN,
INV-1222,CLEAN,
INV-1223,CLEAN,
INV-1224,CLEAN,
INV-1225,CLEAN,
INV-1226,CLEAN,
INV-1227,CLEAN,
INV-1228,CLEAN,
INV-1229,CLEAN,
INV-1230,CLEAN,
INV-1231,CLEAN,
INV-1232,CLEAN,
INV-1233,CLEAN,
INV-1234,CLEAN,
INV-1235,CLEAN,
INV-1236,CLEAN,
INV-1237,CLEAN,
INV-1238,CLEAN,
INV-1239,CLEAN,
INV-1240,CLEAN,
INV-1241,CLEAN,
INV-1242,CLEAN,
INV-1243,CLEAN,
INV-1244,CLEAN,
INV-1245,CLEAN,
INV-1246,CLEAN,
INV-1247,CLEAN,
INV-1248,CLEAN,
INV-1249,CLEAN,
INV-1250,CLEAN,
INV-1251,CLEAN,
INV-1252,CLEAN,
INV-1253,CLEAN,
INV-1254,CLEAN,
INV-1255,CLEAN,
INV-1256,CLEAN,
INV-1257,CLEAN,
INV-1258,CLEAN,
INV-1259,CLEAN,
INV-1260,CLEAN,
INV-1261,CLEAN,
INV-1262,CLEAN,
INV-1263,CLEAN,
INV-1264,CLEAN,
INV-1265,CLEAN,
INV-1266,CLEAN,
INV-1267,CLEAN,
INV-1268,CLEAN,
INV-1269,CLEAN,
INV-1270,CLEAN,
INV-1271,CLEAN,
INV-1272,CLEAN,
INV-1273,CLEAN,
INV-1274,CLEAN,
INV-1275,CLEAN,
INV-1276,CLEAN,
INV-1277,CLEAN,
INV-1278,CLEAN,
INV-1279,CLEAN,
INV-1280,CLEAN,
INV-1281,CLEAN,
INV-1282,CLEAN,
INV-1283,CLEAN,
INV-1284,CLEAN,
INV-1285,CLEAN,
INV-1286,CLEAN,
INV-1287,CLEAN,
INV-1288,CLEAN,
INV-1289,CLEAN,
INV-1290,CLEAN,
INV-1291,CLEAN,
INV-1292,CLEAN,
INV-1293,CLEAN,
INV-1294,CLEAN,
INV-1295,CLEAN,
INV-1296,CLEAN,
INV-1297,CLEAN,
INV-1298,CLEAN,
INV-1299,CLEAN,
INV-1300,CLEAN,
INV-1301,CLEAN,
INV-1302,CLEAN,
INV-1303,CLEAN,
INV-1304,CLEAN,
INV-1305,CLEAN,
INV-1306,CLEAN,
INV-1307,CLEAN,
INV-1308,CLEAN,
INV-1309,CLEAN,
INV-1310,CLEAN,
INV-1311,CLEAN,
INV-1312,CLEAN,
INV-1313,CLEAN,
INV-1314,CLEAN,
INV-1315,CLEAN,
INV-1316,CLEAN,
INV-1317,CLEAN,
INV-1318,CLEAN,
INV-1319,CLEAN,
INV-1320,CLEAN,
INV-1321,CLEAN,
INV-1322,CLEAN,
INV-1323,CLEAN,
INV-1324,CLEAN,
INV-1325,CLEAN,
INV-1326,CLEAN,
INV-1327,CLEAN,
INV-1328,CLEAN,
INV-1329,CLEAN,
INV-1330,CLEAN,
INV-1331,CLEAN,
INV-1332,CLEAN,
INV-1333,CLEAN,
INV-1334,CLEAN,
INV-1335,CLEAN,
INV-1336,CLEAN,
INV-1337,CLEAN,
INV-1338,CLEAN,
INV-1339,CLEAN,
INV-1340,CLEAN,
INV-1341,CLEAN,
INV-1342,CLEAN,
INV-1343,CLEAN,
INV-1344,CLEAN,
INV-1345,CLEAN,
INV-1346,CLEAN,
INV-1347,CLEAN,
INV-1348,CLEAN,
INV-1349,CLEAN,
INV-1350,CLEAN,
INV-1351,CLEAN,
INV-1352,CLEAN,
INV-1353,CLEAN,
INV-1354,CLEAN,
INV-1355,CLEAN,
INV-1356,CLEAN,
INV-1357,CLEAN,
INV-1358,CLEAN,
INV-1359,CLEAN,
INV-1360,CLEAN,
INV-1361,CLEAN,
INV-1362,CLEAN,
INV-1363,CLEAN,
INV-1364,CLEAN,
INV-1365,CLEAN,
INV-1366,CLEAN,
INV-1367,CLEAN,
INV-1368,CLEAN,
INV-1369,CLEAN,
INV-1370,CLEAN,
INV-1371,CLEAN,
INV-1372,CLEAN,
INV-1373,CLEAN,
INV-1374,CLEAN,
INV-1375,CLEAN,
INV-1376,CLEAN,
INV-1377,CLEAN,
INV-1378,CLEAN,
INV-1379,CLEAN,
INV-1380,CLEAN,
INV-1381,CLEAN,
INV-1382,CLEAN,
INV-1383,CLEAN,
INV-1384,CLEAN,
INV-1385,CLEAN,
INV-1386,CLEAN,
INV-1387,CLEAN,
INV-1388,CLEAN,
INV-1389,CLEAN,
INV-1390,CLEAN,
INV-1391,CLEAN,
INV-1392,CLEAN,
INV-1393,CLEAN,
INV-1394,CLEAN,
INV-1395,CLEAN,
INV-1396,CLEAN,
INV-1397,CLEAN,
INV-1398,CLEAN,
INV-1399,CLEAN,
INV-1400,CLEAN,
INV-1401,CLEAN,
INV-1402,CLEAN,
INV-1403,CLEAN,
INV-1404,CLEAN,
INV-1405,CLEAN,
INV-1406,CLEAN,
INV-1407,CLEAN,
INV-1408,CLEAN,
INV-1409,CLEAN,
INV-1410,CLEAN,
INV-1411,CLEAN,
INV-1412,CLEAN,
INV-1413,CLEAN,
INV-1414,CLEAN,
INV-1415,CLEAN,
INV-1416,CLEAN,
INV-1417,CLEAN,
INV-1418,CLEAN,
INV-1419,CLEAN,
INV-1420,CLEAN,
INV-1421,CLEAN,
INV-1422,CLEAN,
INV-1423,CLEAN,
INV-1424,CLEAN,
INV-1425,CLEAN,
INV-1426,CLEAN,
INV-1427,CLEAN,
INV-1428,CLEAN,
INV-1429,CLEAN,
INV-1430,CLEAN,
INV-1431,CLEAN,
INV-1432,CLEAN,
INV-1433,CLEAN,
INV-1434,CLEAN,
INV-1435,CLEAN,
INV-1436,CLEAN,
INV-1437,CLEAN,
INV-1438,CLEAN,
INV-1439,CLEAN,
INV-1440,CLEAN,
INV-1441,CLEAN,
INV-1442,CLEAN,
INV-1443,CLEAN,
INV-1444,CLEAN,
INV-1445,CLEAN,
INV-1446,CLEAN,
INV-1447,CLEAN,
INV-1448,CLEAN,
INV-1449,CLEAN,
INV-1450,CLEAN,
INV-1451,CLEAN,
INV-1452,CLEAN,
INV-1453,CLEAN,
INV-1454,CLEAN,
INV-1455,CLEAN,
INV-1456,CLEAN,
INV-1457,CLEAN,
INV-1458,CLEAN,
INV-1459,CLEAN,
INV-1460,CLEAN,
INV-1461,CLEAN,
INV-1462,CLEAN,
INV-1463,CLEAN,
INV-1464,CLEAN,
INV-1465,CLEAN,
INV-1466,CLEAN,
INV-1467,CLEAN,
INV-1468,CLEAN,
INV-1469,CLEAN,
INV-1470,CLEAN,
INV-1471,CLEAN,
INV-1472,CLEAN,
INV-1473,CLEAN,
INV-1474,CLEAN,
INV-1475,CLEAN,
INV-1476,CLEAN,
INV-1477,CLEAN,
INV-1478,CLEAN,
INV-1479,CLEAN,
INV-1480,CLEAN,
INV-1481,CLEAN,
INV-1482,CLEAN,
INV-1483,CLEAN,
INV-1484,CLEAN,
INV-1485,CLEAN,
INV-1486,CLEAN,
INV-1487,CLEAN,
INV-1488,CLEAN,
INV-1489,CLEAN,
INV-1490,CLEAN,
INV-1491,CLEAN,
INV-1492,CLEAN,
INV-1493,CLEAN,
INV-1494,CLEAN,
INV-1495,CLEAN,
INV-1496,CLEAN,
INV-1497,CLEAN,
INV-1498,CLEAN,
INV-1499,CLEAN,
INV-1500,CLEAN,
INV-1501,CLEAN,
INV-1502,CLEAN,
INV-1503,CLEAN,
INV-1504,CLEAN,
INV-1505,CLEAN,
INV-1506,CLEAN,
INV-1507,CLEAN,
INV-1508,CLEAN,
INV-1509,CLEAN,
INV-1510,CLEAN,
INV-1511,CLEAN,
INV-1512,CLEAN,
INV-1513,CLEAN,
INV-1514,CLEAN,
INV-1515,CLEAN,
INV-1516,CLEAN,
INV-1517,CLEAN,
INV-1518,CLEAN,
INV-1519,CLEAN,
INV-1520,CLEAN,
INV-1521,CLEAN,
INV-1522,CLEAN,
INV-1523,CLEAN,
INV-1524,CLEAN,
INV-1525,CLEAN,
INV-1526,CLEAN,
INV-1527,CLEAN,
INV-1528,CLEAN,
INV-1529,CLEAN,
INV-1530,CLEAN,
INV-1531,CLEAN,
INV-1532,CLEAN,
INV-1533,CLEAN,
INV-1534,CLEAN,
INV-1535,CLEAN,
INV-1536,CLEAN,
INV-1537,CLEAN,
INV-1538,CLEAN,
INV-1539,CLEAN,
INV-1540,CLEAN,
INV-1541,CLEAN,
INV-1542,CLEAN,
INV-1543,CLEAN,
INV-1544,CLEAN,
INV-1545,CLEAN,
INV-1546,CLEAN,
INV-1547,CLEAN,
INV-1548,CLEAN,
INV-1549,CLEAN,
INV-1550,CLEAN,
INV-1551,CLEAN,
INV-1552,CLEAN,
INV-1553,CLEAN,
INV-1554,CLEAN,
INV-1555,CLEAN,
INV-1556,CLEAN,
INV-1557,CLEAN,
INV-1558,CLEAN,
INV-1559,CLEAN,
INV-1560,CLEAN,
INV-1561,CLEAN,
INV-1562,CLEAN,
INV-1563,CLEAN,
INV-1564,CLEAN,
INV-1565,CLEAN,
INV-1566,CLEAN,
INV-1567,CLEAN,
INV-1568,CLEAN,
INV-1569,CLEAN,
INV-1570,CLEAN,
INV-1571,CLEAN,
INV-1572,CLEAN,
INV-1573,CLEAN,
INV-1574,CLEAN,
INV-1575,CLEAN,
INV-1576,CLEAN,
INV-1577,CLEAN,
INV-1578,CLEAN,
INV-1579,CLEAN,
INV-1580,CLEAN,
INV-1581,CLEAN,
INV-1582,CLEAN,
INV-1583,CLEAN,
INV-1584,CLEAN,
INV-1585,CLEAN,
INV-1586,CLEAN,
INV-1587,CLEAN,
INV-1588,CLEAN,
INV-1589,CLEAN,
INV-1590,CLEAN,
INV-1591,CLEAN,
INV-1592,CLEAN,
INV-1593,CLEAN,
INV-1594,CLEAN,
INV-1595,CLEAN,
INV-1596,CLEAN,
INV-1597,CLEAN,
INV-1598,CLEAN,
INV-1599,CLEAN,
INV-1600,CLEAN,
INV-1601,CLEAN,
INV-1602,CLEAN,
INV-1603,CLEAN,
INV-1604,CLEAN,
INV-1605,CLEAN,
INV-1606,CLEAN,
INV-1607,CLEAN,
INV-1608,CLEAN,
INV-1609,CLEAN,
INV-1610,CLEAN,
INV-1611,CLEAN,
INV-1612,CLEAN,
INV-1613,CLEAN,
INV-1614,CLEAN,
INV-1615,CLEAN,
INV-1616,CLEAN,
INV-1617,CLEAN,
INV-1618,CLEAN,
INV-1619,CLEAN,
INV-1620,CLEAN,
INV-1621,CLEAN,
INV-1622,CLEAN,
INV-1623,CLEAN,
INV-1624,CLEAN,
INV-1625,CLEAN,
INV-1626,CLEAN,
INV-1627,CLEAN,
INV-1628,CLEAN,
INV-1629,CLEAN,
INV-1630,CLEAN,
INV-1631,CLEAN,
INV-1632,CLEAN,
INV-1633,CLEAN,
INV-1634,CLEAN,
INV-1635,CLEAN,
INV-1636,CLEAN,
INV-1637,CLEAN,
INV-1638,CLEAN,
INV-1639,CLEAN,
INV-1640,CLEAN,
INV-1641,CLEAN,
INV-1642,CLEAN,
INV-1643,CLEAN,
INV-1644,CLEAN,
INV-1645,CLEAN,
INV-1646,CLEAN,
INV-1647,CLEAN,
INV-1648,CLEAN,
INV-1649,CLEAN,
INV-1650,CLEAN,
INV-1651,CLEAN,
INV-1652,CLEAN,
INV-1653,CLEAN,
INV-1654,CLEAN,
INV-1655,CLEAN,
INV-1656,CLEAN,
INV-1657,CLEAN,
INV-1658,CLEAN,
INV-1659,CLEAN,
INV-1660,CLEAN,
INV-1661,CLEAN,
INV-1662,CLEAN,
INV-1663,CLEAN,
INV-1664,CLEAN,
INV-1665,CLEAN,
INV-1666,CLEAN,
INV-1667,CLEAN,
INV-1668,CLEAN,
INV-1669,CLEAN,
INV-1670,CLEAN,
INV-1671,CLEAN,
INV-1672,CLEAN,
INV-1673,CLEAN,
INV-1674,CLEAN,
INV-1675,CLEAN,
INV-1676,CLEAN,
INV-1677,CLEAN,
INV-1678,CLEAN,
INV-1679,CLEAN,
INV-1680,CLEAN,
INV-1681,CLEAN,
INV-1682,CLEAN,
INV-1683,CLEAN,
INV-1684,CLEAN,
INV-1685,CLEAN,
INV-1686,CLEAN,
INV-1687,CLEAN,
INV-1688,CLEAN,
INV-1689,CLEAN,
INV-1690,CLEAN,
INV-1691,CLEAN,
INV-1692,CLEAN,
INV-1693,CLEAN,
INV-1694,CLEAN,
INV-1695,CLEAN,
INV-1696,CLEAN,
INV-1697,CLEAN,
INV-1698,CLEAN,
INV-1699,CLEAN,
INV-1700,CLEAN,
INV-1701,CLEAN,
INV-1702,CLEAN,
INV-1703,CLEAN,
INV-1704,CLEAN,
INV-1705,CLEAN,
INV-1706,CLEAN,
INV-1707,CLEAN,
INV-1708,CLEAN,
INV-1709,CLEAN,
INV-1710,CLEAN,
INV-1711,CLEAN,
INV-1712,CLEAN,
INV-1713,CLEAN,
INV-1714,CLEAN,
INV-1715,CLEAN,
INV-1716,CLEAN,
INV-1717,CLEAN,
INV-1718,CLEAN,
INV-1719,CLEAN,
INV-1720,CLEAN,
INV-1721,CLEAN,
INV-1722,CLEAN,
INV-1723,CLEAN,
INV-1724,CLEAN,
INV-1725,CLEAN,
INV-1726,CLEAN,
INV-1727,CLEAN,
INV-1728,CLEAN,
INV-1729,CLEAN,
INV-1730,CLEAN,
INV-1731,CLEAN,
INV-1732,CLEAN,
INV-1733,CLEAN,
INV-1734,CLEAN,
INV-1735,CLEAN,
INV-1736,CLEAN,
INV-1737,CLEAN,
INV-1738,CLEAN,
INV-1739,CLEAN,
INV-1740,CLEAN,
INV-1741,CLEAN,
INV-1742,CLEAN,
INV-1743,CLEAN,
INV-1744,CLEAN,
INV-1745,CLEAN,
INV-1746,CLEAN,
INV-1747,CLEAN,
INV-1748,CLEAN,
INV-1749,CLEAN,
INV-1750,CLEAN,
INV-1751,CLEAN,
INV-1752,CLEAN,
INV-1753,CLEAN,
INV-1754,CLEAN,
INV-1755,CLEAN,
INV-1756,CLEAN,
INV-1757,CLEAN,
INV-1758,CLEAN,
INV-1759,CLEAN,
INV-1760,CLEAN,
INV-1761,CLEAN,
INV-1762,CLEAN,
INV-1763,CLEAN,
INV-1764,CLEAN,
INV-1765,CLEAN,
INV-1766,CLEAN,
INV-1767,CLEAN,
INV-1768,CLEAN,
INV-1769,CLEAN,
INV-1770,CLEAN,
INV-1771,CLEAN,
INV-1772,CLEAN,
INV-1773,CLEAN,
INV-1774,CLEAN,
INV-1775,CLEAN,
INV-1776,CLEAN,
INV-1777,CLEAN,
INV-1778,CLEAN,
INV-1779,CLEAN,
INV-1780,CLEAN,
INV-1781,CLEAN,
INV-1782,CLEAN,
INV-1783,CLEAN,
INV-1784,CLEAN,
INV-1785,CLEAN,
INV-1786,CLEAN,
INV-1787,CLEAN,
INV-1788,CLEAN,
INV-1789,CLEAN,
INV-1790,CLEAN,
INV-1791,CLEAN,
INV-1792,CLEAN,
INV-1793,CLEAN,
INV-1794,CLEAN,
INV-1795,CLEAN,
INV-1796,CLEAN,
INV-1797,CLEAN,
INV-1798,CLEAN,
INV-1799,CLEAN,
INV-1800,CLEAN,
INV-1801,CLEAN,
INV-1802,CLEAN,
INV-1803,CLEAN,
INV-1804,CLEAN,
INV-1805,CLEAN,
INV-1806,CLEAN,
INV-1807,CLEAN,
INV-1808,CLEAN,
INV-1809,CLEAN,
INV-1810,CLEAN,
INV-1811,CLEAN,
INV-1812,CLEAN,
INV-1813,CLEAN,
INV-1814,CLEAN,
INV-1815,CLEAN,
INV-1816,CLEAN,
INV-1817,CLEAN,
INV-1818,CLEAN,
INV-1819,CLEAN,
INV-1820,CLEAN,
INV-1821,CLEAN,
INV-1822,CLEAN,
INV-1823,CLEAN,
INV-1824,CLEAN,
INV-1825,CLEAN,
INV-1826,CLEAN,
INV-1827,CLEAN,
INV-1828,CLEAN,
INV-1829,CLEAN,
INV-1830,CLEAN,
INV-1831,CLEAN,
INV-1832,CLEAN,
INV-1833,CLEAN,
INV-1834,CLEAN,
INV-1835,CLEAN,
INV-1836,CLEAN,
INV-1837,CLEAN,
INV-1838,CLEAN,
INV-1839,CLEAN,
INV-1840,CLEAN,
INV-1841,CLEAN,
INV-1842,CLEAN,
INV-1843,CLEAN,
INV-1844,CLEAN,
INV-1845,CLEAN,
INV-1846,CLEAN,
INV-1847,CLEAN,
INV-1848,CLEAN,
INV-1849,CLEAN,
INV-1850,CLEAN,
INV-1851,CLEAN,
INV-1852,CLEAN,
INV-1853,CLEAN,
INV-1854,CLEAN,
INV-1855,CLEAN,
INV-1856,CLEAN,
INV-1857,CLEAN,
INV-1858,CLEAN,
INV-1859,CLEAN,
INV-1860,CLEAN,
INV-1861,CLEAN,
INV-1862,CLEAN,
INV-1863,CLEAN,
INV-1864,CLEAN,
INV-1865,CLEAN,
INV-1866,CLEAN,
INV-1867,CLEAN,
INV-1868,CLEAN,
INV-1869,CLEAN,
INV-1870,CLEAN,
INV-1871,CLEAN,
INV-1872,CLEAN,
INV-1873,CLEAN,
INV-1874,CLEAN,
INV-1875,CLEAN,
INV-1876,CLEAN,
INV-1877,CLEAN,
INV-1878,CLEAN,
INV-1879,CLEAN,
INV-1880,CLEAN,
INV-1881,CLEAN,
INV-1882,CLEAN,
INV-1883,CLEAN,
INV-1884,CLEAN,
INV-1885,CLEAN,
INV-1886,CLEAN,
INV-1887,CLEAN,
INV-1888,CLEAN,
INV-1889,CLEAN,
INV-1890,CLEAN,
INV-1891,CLEAN,
INV-1892,CLEAN,
INV-1893,CLEAN,
INV-1894,CLEAN,
INV-1895,CLEAN,
INV-1896,CLEAN,
INV-1897,CLEAN,
INV-1898,CLEAN,
INV-1899,CLEAN,
INV-1900,CLEAN,
INV-1901,CLEAN,
INV-1902,CLEAN,
INV-1903,CLEAN,
INV-1904,CLEAN,
INV-1905,CLEAN,
INV-1906,CLEAN,
INV-1907,CLEAN,
INV-1908,CLEAN,
INV-1909,CLEAN,
INV-1910,CLEAN,
INV-1911,CLEAN,
INV-1912,CLEAN,
INV-1913,CLEAN,
INV-1914,CLEAN,
INV-1915,CLEAN,
INV-1916,CLEAN,
INV-1917,CLEAN,
INV-1918,CLEAN,
INV-1919,CLEAN,
INV-1920,CLEAN,
INV-1921,CLEAN,
INV-1922,CLEAN,
INV-1923,CLEAN,
INV-1924,CLEAN,
INV-1925,CLEAN,
INV-1926,CLEAN,
INV-1927,CLEAN,
INV-1928,CLEAN,
INV-1929,CLEAN,
INV-1930,CLEAN,
INV-1931,CLEAN,
INV-1932,CLEAN,
INV-1933,CLEAN,
INV-1934,CLEAN,
INV-1935,CLEAN,
INV-1936,CLEAN,
INV-1937,CLEAN,
INV-1938,CLEAN,
INV-1939,CLEAN,
INV-1940,CLEAN,
INV-1941,CLEAN,
INV-1942,CLEAN,
INV-1943,CLEAN,
INV-1944,CLEAN,
INV-1945,CLEAN,
INV-1946,CLEAN,
INV-1947,CLEAN,
INV-1948,CLEAN,
INV-1949,CLEAN,
INV-1950,CLEAN,
INV-1951,CLEAN,
INV-1952,CLEAN,
INV-1953,CLEAN,
INV-1954,CLEAN,
INV-1955,CLEAN,
INV-1956,CLEAN,
INV-1957,CLEAN,
INV-1958,CLEAN,
INV-1959,CLEAN,
INV-1960,CLEAN,
INV-1961,CLEAN,
INV-1962,CLEAN,
INV-1963,CLEAN,
INV-1964,CLEAN,
INV-1965,CLEAN,
INV-1966,CLEAN,
INV-1967,CLEAN,
INV-1968,CLEAN,
INV-1969,CLEAN,
INV-1970,CLEAN,
INV-1971,CLEAN,
INV-1972,CLEAN,
INV-1973,CLEAN,
INV-1974,CLEAN,
INV-1975,CLEAN,
INV-1976,CLEAN,
INV-1977,CLEAN,
INV-1978,CLEAN,
INV-1979,CLEAN,
INV-1980,CLEAN,
INV-1981,CLEAN,
INV-1982,CLEAN,
INV-1983,CLEAN,
INV-1984,CLEAN,
INV-1985,CLEAN,
INV-1986,CLEAN,
INV-1987,CLEAN,
INV-1988,CLEAN,
INV-1989,CLEAN,
INV-1990,CLEAN,
INV-1991,CLEAN,
INV-1992,CLEAN,
INV-1993,CLEAN,
INV-1994,CLEAN,
INV-1995,CLEAN,
INV-1996,CLEAN,
INV-1997,CLEAN,
INV-1998,CLEAN,
INV-1999,CLEAN,
INV-2000,CLEAN,
INV-2001,CLEAN,
INV-2002,CLEAN,
INV-2003,CLEAN,
INV-2004,CLEAN,
INV-2005,CLEAN,
INV-2006,CLEAN,
INV-2007,CLEAN,
INV-2008,CLEAN,
INV-2009,CLEAN,
INV-2010,CLEAN,
INV-2011,CLEAN,
INV-2012,CLEAN,
INV-2013,CLEAN,
INV-2014,CLEAN,
INV-2015,CLEAN,
INV-2016,CLEAN,
INV-2017,CLEAN,
INV-2018,CLEAN,
INV-2019,CLEAN,
INV-2020,CLEAN,
INV-2021,CLEAN,
INV-2022,CLEAN,
INV-2023,CLEAN,
INV-2024,CLEAN,
INV-2025,CLEAN,
INV-2026,CLEAN,
INV-2027,CLEAN,
INV-2028,CLEAN,
INV-2029,CLEAN,
INV-2030,CLEAN,
INV-2031,CLEAN,
INV-2032,CLEAN,
INV-2033,CLEAN,
INV-2034,CLEAN,
INV-2035,CLEAN,
INV-2036,CLEAN,
INV-2037,CLEAN,
INV-2038,CLEAN,
INV-2039,CLEAN,
INV-2040,CLEAN,
INV-2041,CLEAN,
INV-2042,CLEAN,
INV-2043,CLEAN,
INV-2044,CLEAN,
INV-2045,CLEAN,
INV-2046,CLEAN,
INV-2047,CLEAN,
INV-2048,CLEAN,
INV-2049,CLEAN,
INV-2050,CLEAN,
INV-2051,CLEAN,
INV-2052,CLEAN,
INV-2053,CLEAN,
INV-2054,CLEAN,
INV-2055,CLEAN,
INV-2056,CLEAN,
INV-2057,CLEAN,
INV-2058,CLEAN,
INV-2059,CLEAN,
INV-2060,CLEAN,
INV-2061,CLEAN,
INV-2062,CLEAN,
INV-2063,CLEAN,
INV-2064,CLEAN,
INV-2065,CLEAN,
INV-2066,CLEAN,
INV-2067,CLEAN,
INV-2068,CLEAN,
INV-2069,CLEAN,
INV-2070,CLEAN,
INV-2071,CLEAN,
INV-2072,CLEAN,
INV-2073,CLEAN,
INV-2074,CLEAN,
INV-2075,CLEAN,
INV-2076,CLEAN,
INV-2077,CLEAN,
INV-2078,CLEAN,
INV-2079,CLEAN,
INV-2080,CLEAN,
INV-2081,CLEAN,
INV-2082,CLEAN,
INV-2083,CLEAN,
INV-2084,CLEAN,
INV-2085,CLEAN,
INV-2086,CLEAN,
INV-2087,CLEAN,
INV-2088,CLEAN,
INV-2089,CLEAN,
INV-2090,CLEAN,
INV-2091,CLEAN,
INV-2092,CLEAN,
INV-2093,CLEAN,
INV-2094,CLEAN,
INV-2095,CLEAN,
INV-2096,CLEAN,
INV-2097,CLEAN,
INV-2098,CLEAN,
INV-2099,CLEAN,
INV-2100,CLEAN,
INV-2101,CLEAN,
INV-2102,CLEAN,
INV-2103,CLEAN,
INV-2104,CLEAN,
INV-2105,CLEAN,
INV-2106,CLEAN,
INV-2107,CLEAN,
INV-2108,CLEAN,
INV-2109,CLEAN,
INV-2110,CLEAN,
INV-2111,CLEAN,
INV-2112,CLEAN,
INV-2113,CLEAN,
INV-2114,CLEAN,
INV-2115,CLEAN,
INV-2116,CLEAN,
INV-2117,CLEAN,
INV-2118,CLEAN,
INV-2119,CLEAN,
INV-2120,CLEAN,
INV-2121,CLEAN,
INV-2122,CLEAN,
INV-2123,CLEAN,
INV-2124,CLEAN,
INV-2125,CLEAN,
INV-2126,CLEAN,
INV-2127,CLEAN,
INV-2128,CLEAN,
INV-2129,CLEAN,
INV-2130,CLEAN,
INV-2131,CLEAN,
INV-2132,CLEAN,
INV-2133,CLEAN,
INV-2134,CLEAN,
INV-2135,CLEAN,
INV-2136,CLEAN,
INV-2137,CLEAN,
INV-2138,CLEAN,
INV-2139,CLEAN,
INV-2140,CLEAN,
INV-2141,CLEAN,
INV-2142,CLEAN,
INV-2143,CLEAN,
INV-2144,CLEAN,
INV-2145,CLEAN,
INV-2146,CLEAN,
INV-2147,CLEAN,
INV-2148,CLEAN,
INV-2149,CLEAN,
INV-2150,CLEAN,
INV-2151,CLEAN,
INV-2152,CLEAN,
INV-2153,CLEAN,
INV-2154,CLEAN,
INV-2155,CLEAN,
INV-2156,CLEAN,
INV-2157,CLEAN,
INV-2158,CLEAN,
INV-2159,CLEAN,
INV-2160,CLEAN,
INV-2161,CLEAN,
INV-2162,CLEAN,
INV-2163,CLEAN,
INV-2164,CLEAN,
INV-2165,CLEAN,
INV-2166,CLEAN,
INV-2167,CLEAN,
INV-2168,CLEAN,
INV-2169,CLEAN,
INV-2170,CLEAN,
INV-2171,CLEAN,
INV-2172,CLEAN,
INV-2173,CLEAN,
INV-2174,CLEAN,
INV-2175,CLEAN,
INV-2176,CLEAN,
INV-2177,CLEAN,
INV-2178,CLEAN,
INV-2179,CLEAN,
INV-2180,CLEAN,
INV-2181,CLEAN,
INV-2182,CLEAN,
INV-2183,CLEAN,
INV-2184,CLEAN,
INV-2185,CLEAN,
INV-2186,CLEAN,
INV-2187,CLEAN,
INV-2188,CLEAN,
INV-2189,CLEAN,
INV-2190,CLEAN,
INV-2191,CLEAN,
INV-2192,CLEAN,
INV-2193,CLEAN,
INV-2194,CLEAN,
INV-2195,CLEAN,
INV-2196,CLEAN,
INV-2197,CLEAN,
INV-2198,CLEAN,
INV-2199,CLEAN,
INV-2200,CLEAN,
INV-2201,CLEAN,
INV-2202,CLEAN,
INV-2203,CLEAN,
INV-2204,CLEAN,
INV-2205,CLEAN,
INV-2206,CLEAN,
INV-2207,CLEAN,
INV-2208,CLEAN,
INV-2209,CLEAN,
INV-2210,CLEAN,
INV-2211,CLEAN,
INV-2212,CLEAN,
INV-2213,CLEAN,
INV-2214,CLEAN,
INV-2215,CLEAN,
INV-2216,CLEAN,
INV-2217,CLEAN,
INV-2218,CLEAN,
INV-2219,CLEAN,
INV-2220,CLEAN,
INV-2221,CLEAN,
INV-2222,CLEAN,
INV-2223,CLEAN,
INV-2224,CLEAN,
INV-2225,CLEAN,
INV-2226,CLEAN,
INV-2227,CLEAN,
INV-2228,CLEAN,
INV-2229,CLEAN,
INV-2230,CLEAN,
INV-2231,CLEAN,
INV-2232,CLEAN,
INV-2233,CLEAN,
INV-2234,CLEAN,
INV-2235,CLEAN,
INV-2236,CLEAN,
INV-2237,CLEAN,
INV-2238,CLEAN,
INV-2239,CLEAN,
INV-2240,CLEAN,
INV-2241,CLEAN,
INV-2242,CLEAN,
INV-2243,CLEAN,
INV-2244,CLEAN,
INV-2245,CLEAN,
INV-2246,CLEAN,
INV-2247,CLEAN,
INV-2248,CLEAN,
INV-2249,CLEAN,
INV-2250,CLEAN,
INV-2251,CLEAN,
INV-2252,CLEAN,
INV-2253,CLEAN,
INV-2254,CLEAN,
INV-2255,CLEAN,
INV-2256,CLEAN,
INV-2257,CLEAN,
INV-2258,CLEAN,
INV-2259,CLEAN,
INV-2260,CLEAN,
INV-2261,CLEAN,
INV-2262,CLEAN,
INV-2263,CLEAN,
INV-2264,CLEAN,
INV-2265,CLEAN,
INV-2266,CLEAN,
INV-2267,CLEAN,
INV-2268,CLEAN,
INV-2269,CLEAN,
INV-2270,CLEAN,
INV-2271,CLEAN,
INV-2272,CLEAN,
INV-2273,CLEAN,
INV-2274,CLEAN,
INV-2275,CLEAN,
INV-2276,CLEAN,
INV-2277,CLEAN,
INV-2278,CLEAN,
INV-2279,CLEAN,
INV-2280,CLEAN,
INV-2281,CLEAN,
INV-2282,CLEAN,
INV-2283,CLEAN,
INV-2284,CLEAN,
INV-2285,CLEAN,
INV-2286,CLEAN,
INV-2287,CLEAN,
INV-2288,CLEAN,
INV-2289,CLEAN,
INV-2290,CLEAN,
INV-2291,CLEAN,
INV-2292,CLEAN,
INV-2293,CLEAN,
INV-2294,CLEAN,
INV-2295,CLEAN,
INV-2296,CLEAN,
INV-2297,CLEAN,
INV-2298,CLEAN,
INV-2299,CLEAN,
INV-2300,CLEAN,
INV-2301,CLEAN,
INV-2302,CLEAN,
INV-2303,CLEAN,
INV-2304,CLEAN,
INV-2305,CLEAN,
INV-2306,CLEAN,
INV-2307,CLEAN,
INV-2308,CLEAN,
INV-2309,CLEAN,
INV-2310,CLEAN,
INV-2311,CLEAN,
INV-2312,CLEAN,
INV-2313,CLEAN,
INV-2314,CLEAN,
INV-2315,CLEAN,
INV-2316,CLEAN,
INV-2317,CLEAN,
INV-2318,CLEAN,
INV-2319,CLEAN,
INV-2320,CLEAN,
INV-2321,CLEAN,
INV-2322,CLEAN,
INV-2323,CLEAN,
INV-2324,CLEAN,
INV-2325,CLEAN,
INV-2326,CLEAN,
INV-2327,CLEAN,
INV-2328,CLEAN,
INV-2329,CLEAN,
INV-2330,CLEAN,
INV-2331,CLEAN,
INV-2332,CLEAN,
INV-2333,CLEAN,
INV-2334,CLEAN,
INV-2335,CLEAN,
INV-2336,CLEAN,
INV-2337,CLEAN,
INV-2338,CLEAN,
INV-2339,CLEAN,
INV-2340,CLEAN,
INV-2341,CLEAN,
INV-2342,CLEAN,
INV-2343,CLEAN,
INV-2344,CLEAN,
INV-2345,CLEAN,
INV-2346,CLEAN,
INV-2347,CLEAN,
INV-2348,CLEAN,
INV-2349,CLEAN,
INV-2350,CLEAN,
INV-2351,CLEAN,
INV-2352,CLEAN,
INV-2353,CLEAN,
INV-2354,CLEAN,
INV-2355,CLEAN,
INV-2356,CLEAN,
INV-2357,CLEAN,
INV-2358,CLEAN,
INV-2359,CLEAN,
INV-2360,CLEAN,
INV-2361,CLEAN,
INV-2362,CLEAN,
INV-2363,CLEAN,
INV-2364,CLEAN,
INV-2365,CLEAN,
INV-2366,CLEAN,
INV-2367,CLEAN,
INV-2368,CLEAN,
INV-2369,CLEAN,
INV-2370,CLEAN,
INV-2371,CLEAN,
INV-2372,CLEAN,
INV-2373,CLEAN,
INV-2374,CLEAN,
INV-2375,CLEAN,
INV-2376,CLEAN,
INV-2377,CLEAN,
INV-2378,CLEAN,
INV-2379,CLEAN,
INV-2380,CLEAN,
INV-2381,CLEAN,
INV-2382,CLEAN,
INV-2383,CLEAN,
INV-2384,CLEAN,
INV-2385,CLEAN,
INV-2386,CLEAN,
INV-2387,CLEAN,
INV-2388,CLEAN,
INV-2389,CLEAN,
INV-2390,CLEAN,
INV-2391,CLEAN,
INV-2392,CLEAN,
INV-2393,CLEAN,
INV-2394,CLEAN,
INV-2395,CLEAN,
INV-2396,CLEAN,
INV-2397,CLEAN,
INV-2398,CLEAN,
INV-2399,CLEAN,
INV-2400,CLEAN,
INV-2401,CLEAN,
INV-2402,CLEAN,
INV-2403,CLEAN,
INV-2404,CLEAN,
INV-2405,CLEAN,
INV-2406,CLEAN,
INV-2407,CLEAN,
INV-2408,CLEAN,
INV-2409,CLEAN,
INV-2410,CLEAN,
INV-2411,CLEAN,
INV-2412,CLEAN,
INV-2413,CLEAN,
INV-2414,CLEAN,
INV-2415,CLEAN,
INV-2416,CLEAN,
INV-2417,CLEAN,
INV-2418,CLEAN,
INV-2419,CLEAN,
INV-2420,CLEAN,
INV-2421,CLEAN,
INV-2422,CLEAN,
INV-2423,CLEAN,
INV-2424,CLEAN,
INV-2425,CLEAN,
INV-2426,CLEAN,
INV-2427,CLEAN,
INV-2428,CLEAN,
INV-2429,CLEAN,
INV-2430,CLEAN,
INV-2431,CLEAN,
INV-2432,CLEAN,
INV-2433,CLEAN,
INV-2434,CLEAN,
INV-2435,CLEAN,
INV-2436,CLEAN,
INV-2437,CLEAN,
INV-2438,CLEAN,
INV-2439,CLEAN,
INV-2440,CLEAN,
INV-2441,CLEAN,
INV-2442,CLEAN,
INV-2443,CLEAN,
INV-2444,CLEAN,
INV-2445,CLEAN,
INV-2446,CLEAN,
INV-2447,CLEAN,
INV-2448,CLEAN,
INV-2449,CLEAN,
INV-2450,CLEAN,
INV-2451,CLEAN,
INV-2452,CLEAN,
INV-2453,CLEAN,
INV-2454,CLEAN,
INV-2455,CLEAN,
INV-2456,CLEAN,
INV-2457,CLEAN,
INV-2458,CLEAN,
INV-2459,CLEAN,
INV-2460,CLEAN,
INV-2461,CLEAN,
INV-2462,CLEAN,
INV-2463,CLEAN,
INV-2464,CLEAN,
INV-2465,CLEAN,
INV-2466,CLEAN,
INV-2467,CLEAN,
INV-2468,CLEAN,
INV-2469,CLEAN,
INV-2470,CLEAN,
INV-2471,CLEAN,
INV-2472,CLEAN,
INV-2473,CLEAN,
INV-2474,CLEAN,
INV-2475,CLEAN,
INV-2476,CLEAN,
INV-2477,CLEAN,
INV-2478,CLEAN,
INV-2479,CLEAN,
INV-2480,CLEAN,
INV-2481,CLEAN,
INV-2482,CLEAN,
INV-2483,CLEAN,
INV-2484,CLEAN,
INV-2485,CLEAN,
INV-2486,CLEAN,
INV-2487,CLEAN,
INV-2488,CLEAN,
INV-2489,CLEAN,
INV-2490,CLEAN,
INV-2491,CLEAN,
INV-2492,CLEAN,
INV-2493,CLEAN,
INV-2494,CLEAN,
INV-2495,CLEAN,
INV-2496,CLEAN,
INV-2497,CLEAN,
INV-2498,CLEAN,
INV-2499,CLEAN,
INV-2500,CLEAN,
INV-2501,CLEAN,
INV-2502,CLEAN,
INV-2503,CLEAN,
INV-2504,CLEAN,
INV-2505,CLEAN,
INV-2506,CLEAN,
INV-2507,CLEAN,
INV-2508,CLEAN,
INV-2509,CLEAN,
INV-2510,CLEAN,
INV-2511,CLEAN,
INV-2512,CLEAN,
INV-2513,CLEAN,
INV-2514,CLEAN,
INV-2515,CLEAN,
INV-2516,CLEAN,
INV-2517,CLEAN,
INV-2518,CLEAN,
INV-2519,CLEAN,
INV-2520,CLEAN,
INV-2521,CLEAN,
INV-2522,CLEAN,
INV-2523,CLEAN,
INV-2524,CLEAN,
INV-2525,CLEAN,
INV-2526,CLEAN,
INV-2527,CLEAN,
INV-2528,CLEAN,
INV-2529,CLEAN,
INV-2530,CLEAN,
INV-2531,CLEAN,
INV-2532,CLEAN,
INV-2533,CLEAN,
INV-2534,CLEAN,
INV-2535,CLEAN,
INV-2536,CLEAN,
INV-2537,CLEAN,
INV-2538,CLEAN,
INV-2539,CLEAN,
INV-2540,CLEAN,
INV-2541,CLEAN,
INV-2542,CLEAN,
INV-2543,CLEAN,
INV-2544,CLEAN,
INV-2545,CLEAN,
INV-2546,CLEAN,
INV-2547,CLEAN,
INV-2548,CLEAN,
INV-2549,CLEAN,
INV-2550,CLEAN,
INV-2551,CLEAN,
INV-2552,CLEAN,
INV-2553,CLEAN,
INV-2554,CLEAN,
INV-2555,CLEAN,
INV-2556,CLEAN,
INV-2557,CLEAN,
INV-2558,CLEAN,
INV-2559,CLEAN,
INV-2560,CLEAN,
INV-2561,CLEAN,
INV-2562,CLEAN,
INV-2563,CLEAN,
INV-2564,CLEAN,
INV-2565,CLEAN,
INV-2566,CLEAN,
INV-2567,CLEAN,
INV-2568,CLEAN,
INV-2569,CLEAN,
INV-2570,CLEAN,
INV-2571,CLEAN,
INV-2572,CLEAN,
INV-2573,CLEAN,
INV-2574,CLEAN,
INV-2575,CLEAN,
INV-2576,CLEAN,
INV-2577,CLEAN,
INV-2578,CLEAN,
INV-2579,CLEAN,
INV-2580,CLEAN,
INV-2581,CLEAN,
INV-2582,CLEAN,
INV-2583,CLEAN,
INV-2584,CLEAN,
INV-2585,CLEAN,
INV-2586,CLEAN,
INV-2587,CLEAN,
INV-2588,CLEAN,
INV-2589,CLEAN,
INV-2590,CLEAN,
INV-2591,CLEAN,
INV-2592,CLEAN,
INV-2593,CLEAN,
INV-2594,CLEAN,
INV-2595,CLEAN,
INV-2596,CLEAN,
INV-2597,CLEAN,
INV-2598,CLEAN,
INV-2599,CLEAN,
INV-2600,CLEAN,
INV-2601,CLEAN,
INV-2602,CLEAN,
INV-2603,CLEAN,
INV-2604,CLEAN,
INV-2605,CLEAN,
INV-2606,CLEAN,
INV-2607,CLEAN,
INV-2608,CLEAN,
INV-2609,CLEAN,
INV-2610,CLEAN,
INV-2611,CLEAN,
INV-2612,CLEAN,
INV-2613,CLEAN,
INV-2614,CLEAN,
INV-2615,CLEAN,
INV-2616,CLEAN,
INV-2617,CLEAN,
INV-2618,CLEAN,
INV-2619,CLEAN,
INV-2620,CLEAN,
INV-2621,CLEAN,
INV-2622,CLEAN,
INV-2623,CLEAN,
INV-2624,CLEAN,
INV-2625,CLEAN,
INV-2626,CLEAN,
INV-2627,CLEAN,
INV-2628,CLEAN,
INV-2629,CLEAN,
INV-2630,CLEAN,
INV-2631,CLEAN,
INV-2632,CLEAN,
INV-2633,CLEAN,
INV-2634,CLEAN,
INV-2635,CLEAN,
INV-2636,CLEAN,
INV-2637,CLEAN,
INV-2638,CLEAN,
INV-2639,CLEAN,
INV-2640,CLEAN,
INV-2641,CLEAN,
INV-2642,CLEAN,
INV-2643,CLEAN,
INV-2644,CLEAN,
INV-2645,CLEAN,
INV-2646,CLEAN,
INV-2647,CLEAN,
INV-2648,CLEAN,
INV-2649,CLEAN,
INV-2650,CLEAN,
INV-2651,CLEAN,
INV-2652,CLEAN,
INV-2653,CLEAN,
INV-2654,CLEAN,
INV-2655,CLEAN,
INV-2656,CLEAN,
INV-2657,CLEAN,
INV-2658,CLEAN,
INV-2659,CLEAN,
INV-2660,CLEAN,
INV-2661,CLEAN,
INV-2662,CLEAN,
INV-2663,CLEAN,
INV-2664,CLEAN,
INV-2665,CLEAN,
INV-2666,CLEAN,
INV-2667,CLEAN,
INV-2668,CLEAN,
INV-2669,CLEAN,
INV-2670,CLEAN,
INV-2671,CLEAN,
INV-2672,CLEAN,
INV-2673,CLEAN,
INV-2674,CLEAN,
INV-2675,CLEAN,
INV-2676,CLEAN,
INV-2677,CLEAN,
INV-2678,CLEAN,
INV-2679,CLEAN,
INV-2680,CLEAN,
INV-2681,CLEAN,
INV-2682,CLEAN,
INV-2683,CLEAN,
INV-2684,CLEAN,
INV-2685,CLEAN,
INV-2686,CLEAN,
INV-2687,CLEAN,
INV-2688,CLEAN,
INV-2689,CLEAN,
INV-2690,CLEAN,
INV-2691,CLEAN,
INV-2692,CLEAN,
INV-2693,CLEAN,
INV-2694,CLEAN,
INV-2695,CLEAN,
INV-2696,CLEAN,
INV-2697,CLEAN,
INV-2698,CLEAN,
INV-2699,CLEAN,
INV-2700,CLEAN,
INV-2701,CLEAN,
INV-2702,CLEAN,
INV-2703,CLEAN,
INV-2704,CLEAN,
INV-2705,CLEAN,
INV-2706,CLEAN,
INV-2707,CLEAN,
INV-2708,CLEAN,
INV-2709,CLEAN,
INV-2710,CLEAN,
INV-2711,CLEAN,
INV-2712,CLEAN,
INV-2713,CLEAN,
INV-2714,CLEAN,
INV-2715,CLEAN,
INV-2716,CLEAN,
INV-2717,CLEAN,
INV-2718,CLEAN,
INV-2719,CLEAN,
INV-2720,CLEAN,
INV-2721,CLEAN,
INV-2722,CLEAN,
INV-2723,CLEAN,
INV-2724,CLEAN,
INV-2725,CLEAN,
INV-2726,CLEAN,
INV-2727,CLEAN,
INV-2728,CLEAN,
INV-2729,CLEAN,
INV-2730,CLEAN,
INV-2731,CLEAN,
INV-2732,CLEAN,
INV-2733,CLEAN,
INV-2734,CLEAN,
INV-2735,CLEAN,
INV-2736,CLEAN,
INV-2737,CLEAN,
INV-2738,CLEAN,
INV-2739,CLEAN,
INV-2740,CLEAN,
INV-2741,CLEAN,
INV-2742,CLEAN,
INV-2743,CLEAN,
INV-2744,CLEAN,
INV-2745,CLEAN,
INV-2746,CLEAN,
INV-2747,CLEAN,
INV-2748,CLEAN,
INV-2749,CLEAN,
INV-2750,CLEAN,
INV-2751,CLEAN,
INV-2752,CLEAN,
INV-2753,CLEAN,
INV-2754,CLEAN,
INV-2755,CLEAN,
INV-2756,CLEAN,
INV-2757,CLEAN,
INV-2758,CLEAN,
INV-2759,CLEAN,
INV-2760,CLEAN,
INV-2761,CLEAN,
INV-2762,CLEAN,
INV-2763,CLEAN,
INV-2764,CLEAN,
INV-2765,CLEAN,
INV-2766,CLEAN,
INV-2767,CLEAN,
INV-2768,CLEAN,
INV-2769,CLEAN,
INV-2770,CLEAN,
INV-2771,CLEAN,
INV-2772,CLEAN,
INV-2773,CLEAN,
INV-2774,CLEAN,
INV-2775,CLEAN,
INV-2776,CLEAN,
INV-2777,CLEAN,
INV-2778,CLEAN,
INV-2779,CLEAN,
INV-2780,CLEAN,
INV-2781,CLEAN,
INV-2782,CLEAN,
INV-2783,CLEAN,
INV-2784,CLEAN,
INV-2785,CLEAN,
INV-2786,CLEAN,
INV-2787,CLEAN,
INV-2788,CLEAN,
INV-2789,CLEAN,
INV-2790,CLEAN,
INV-2791,CLEAN,
INV-2792,CLEAN,
INV-2793,CLEAN,
INV-2794,CLEAN,
INV-2795,CLEAN,
INV-2796,CLEAN,
INV-2797,CLEAN,
INV-2798,CLEAN,
INV-2799,CLEAN,
INV-2800,CLEAN,
INV-2801,CLEAN,
INV-2802,CLEAN,
INV-2803,CLEAN,
INV-2804,CLEAN,
INV-2805,CLEAN,
INV-2806,CLEAN,
INV-2807,CLEAN,
INV-2808,CLEAN,
INV-2809,CLEAN,
INV-2810,CLEAN,
INV-2811,CLEAN,
INV-2812,CLEAN,
INV-2813,CLEAN,
INV-2814,CLEAN,
INV-2815,CLEAN,
INV-2816,CLEAN,
INV-2817,CLEAN,
INV-2818,CLEAN,
INV-2819,CLEAN,
INV-2820,CLEAN,
INV-2821,CLEAN,
INV-2822,CLEAN,
INV-2823,CLEAN,
INV-2824,CLEAN,
INV-2825,CLEAN,
INV-2826,CLEAN,
INV-2827,CLEAN,
INV-2828,CLEAN,
INV-2829,CLEAN,
INV-2830,CLEAN,
INV-2831,CLEAN,
INV-2832,CLEAN,
INV-2833,CLEAN,
INV-2834,CLEAN,
INV-2835,CLEAN,
INV-2836,CLEAN,
INV-2837,CLEAN,
INV-2838,CLEAN,
INV-2839,CLEAN,
INV-2840,CLEAN,
INV-2841,CLEAN,
INV-2842,CLEAN,
INV-2843,CLEAN,
INV-2844,CLEAN,
INV-2845,CLEAN,
INV-2846,CLEAN,
INV-2847,CLEAN,
INV-2848,CLEAN,
INV-2849,CLEAN,
INV-2850,CLEAN,
INV-2851,CLEAN,
INV-2852,CLEAN,
INV-2853,CLEAN,
INV-2854,CLEAN,
INV-2855,CLEAN,
INV-2856,CLEAN,
INV-2857,CLEAN,
INV-2858,CLEAN,
INV-2859,CLEAN,
INV-2860,CLEAN,
INV-2861,CLEAN,
INV-2862,CLEAN,
INV-2863,CLEAN,
INV-2864,CLEAN,
INV-2865,CLEAN,
INV-2866,CLEAN,
INV-2867,CLEAN,
INV-2868,CLEAN,
INV-2869,CLEAN,
INV-2870,CLEAN,
INV-2871,CLEAN,
INV-2872,CLEAN,
INV-2873,CLEAN,
INV-2874,CLEAN,
INV-2875,CLEAN,
INV-2876,CLEAN,
INV-2877,CLEAN,
INV-2878,CLEAN,
INV-2879,CLEAN,
INV-2880,CLEAN,
INV-2881,CLEAN,
INV-2882,CLEAN,
INV-2883,CLEAN,
INV-2884,CLEAN,
INV-2885,CLEAN,
INV-2886,CLEAN,
INV-2887,CLEAN,
INV-2888,CLEAN,
INV-2889,CLEAN,
INV-2890,CLEAN,
INV-2891,CLEAN,
INV-2892,CLEAN,
INV-2893,CLEAN,
INV-2894,CLEAN,
INV-2895,CLEAN,
INV-2896,CLEAN,
INV-2897,CLEAN,
INV-2898,CLEAN,
INV-2899,CLEAN,
INV-2900,CLEAN,
INV-2901,CLEAN,
INV-2902,CLEAN,
INV-2903,CLEAN,
INV-2904,CLEAN,
INV-2905,CLEAN,
INV-2906,CLEAN,
INV-2907,CLEAN,
INV-2908,CLEAN,
INV-2909,CLEAN,
INV-2910,CLEAN,
INV-2911,CLEAN,
INV-2912,CLEAN,
INV-2913,CLEAN,
INV-2914,CLEAN,
INV-2915,CLEAN,
INV-2916,CLEAN,
INV-2917,CLEAN,
INV-2918,CLEAN,
INV-2919,CLEAN,
INV-2920,CLEAN,
INV-2921,CLEAN,
INV-2922,CLEAN,
INV-2923,CLEAN,
INV-2924,CLEAN,
INV-2925,CLEAN,
INV-2926,CLEAN,
INV-2927,CLEAN,
INV-2928,CLEAN,
INV-2929,CLEAN,
INV-2930,CLEAN,
INV-2931,CLEAN,
INV-2932,CLEAN,
INV-2933,CLEAN,
INV-2934,CLEAN,
INV-2935,CLEAN,
INV-2936,CLEAN,
INV-2937,CLEAN,
INV-2938,CLEAN,
INV-2939,CLEAN,
INV-2940,CLEAN,
INV-2941,CLEAN,
INV-2942,CLEAN,
INV-2943,CLEAN,
INV-2944,CLEAN,
INV-2945,CLEAN,
INV-2946,CLEAN,
INV-2947,CLEAN,
INV-2948,CLEAN,
INV-2949,CLEAN,
INV-2950,CLEAN,
INV-2951,CLEAN,
INV-2952,CLEAN,
INV-2953,CLEAN,
INV-2954,CLEAN,
INV-2955,CLEAN,
INV-2956,CLEAN,
INV-2957,CLEAN,
INV-2958,CLEAN,
INV-2959,CLEAN,
INV-2960,CLEAN,
INV-2961,CLEAN,
INV-2962,CLEAN,
INV-2963,CLEAN,
INV-2964,CLEAN,
INV-2965,CLEAN,
INV-2966,CLEAN,
INV-2967,CLEAN,
INV-2968,CLEAN,
INV-2969,CLEAN,
INV-2970,CLEAN,
INV-2971,CLEAN,
INV-2972,CLEAN,
INV-2973,CLEAN,
INV-2974,CLEAN,
INV-2975,CLEAN,
INV-2976,CLEAN,
INV-2977,CLEAN,
INV-2978,CLEAN,
INV-2979,CLEAN,
INV-2980,CLEAN,
INV-2981,CLEAN,
INV-2982,CLEAN,
INV-2983,CLEAN,
INV-2984,CLEAN,
INV-2985,CLEAN,
INV-2986,CLEAN,
INV-2987,CLEAN,
INV-2988,CLEAN,
INV-2989,CLEAN,
INV-2990,CLEAN,
INV-2991,CLEAN,
INV-2992,CLEAN,
INV-2993,CLEAN,
INV-2994,CLEAN,
INV-2995,CLEAN,
INV-2996,CLEAN,
INV-2997,CLEAN,
INV-2998,CLEAN,
INV-2999,CLEAN,
INV-3000,CLEAN,
INV-3001,CLEAN,
INV-3002,CLEAN,
INV-3003,CLEAN,
INV-3004,CLEAN,
INV-3005,CLEAN,
INV-3006,CLEAN,
INV-3007,CLEAN,
INV-3008,CLEAN,
INV-3009,CLEAN,
INV-3010,CLEAN,
INV-3011,CLEAN,
INV-3012,CLEAN,
INV-3013,CLEAN,
INV-3014,CLEAN,
INV-3015,CLEAN,
INV-3016,CLEAN,
INV-3017,CLEAN,
INV-3018,CLEAN,
INV-3019,CLEAN,
INV-3020,CLEAN,
INV-3021,CLEAN,
INV-3022,CLEAN,
INV-3023,CLEAN,
INV-3024,CLEAN,
INV-3025,CLEAN,
INV-3026,CLEAN,
INV-3027,CLEAN,
INV-3028,CLEAN,
INV-3029,CLEAN,
INV-3030,CLEAN,
INV-3031,CLEAN,
INV-3032,CLEAN,
INV-3033,CLEAN,
INV-3034,CLEAN,
INV-3035,CLEAN,
INV-3036,CLEAN,
INV-3037,CLEAN,
INV-3038,CLEAN,
INV-3039,CLEAN,
INV-3040,CLEAN,
INV-3041,CLEAN,
INV-3042,CLEAN,
INV-3043,CLEAN,
INV-3044,CLEAN,
INV-3045,CLEAN,
INV-3046,CLEAN,
INV-3047,CLEAN,
INV-3048,CLEAN,
INV-3049,CLEAN,
INV-3050,CLEAN,
INV-3051,CLEAN,
INV-3052,CLEAN,
INV-3053,CLEAN,
INV-3054,CLEAN,
INV-3055,CLEAN,
INV-3056,CLEAN,
INV-3057,CLEAN,
INV-3058,CLEAN,
INV-3059,CLEAN,
INV-3060,CLEAN,
INV-3061,CLEAN,
INV-3062,CLEAN,
INV-3063,CLEAN,
INV-3064,CLEAN,
INV-3065,CLEAN,
INV-3066,CLEAN,
INV-3067,CLEAN,
INV-3068,CLEAN,
INV-3069,CLEAN,
INV-3070,CLEAN,
INV-3071,CLEAN,
INV-3072,CLEAN,
INV-3073,CLEAN,
INV-3074,CLEAN,
INV-3075,CLEAN,
INV-3076,CLEAN,
INV-3077,CLEAN,
INV-3078,CLEAN,
INV-3079,CLEAN,
INV-3080,CLEAN,
INV-3081,CLEAN,
INV-3082,CLEAN,
INV-3083,CLEAN,
INV-3084,CLEAN,
INV-3085,CLEAN,
INV-3086,CLEAN,
INV-3087,CLEAN,
INV-3088,CLEAN,
INV-3089,CLEAN,
INV-3090,CLEAN,
INV-3091,CLEAN,
INV-3092,CLEAN,
INV-3093,CLEAN,
INV-3094,CLEAN,
INV-3095,CLEAN,
INV-3096,CLEAN,
INV-3097,CLEAN,
INV-3098,CLEAN,
INV-3099,CLEAN,
INV-3100,CLEAN,
INV-3101,CLEAN,
INV-3102,CLEAN,
INV-3103,CLEAN,
INV-3104,CLEAN,
INV-3105,CLEAN,
INV-3106,CLEAN,
INV-3107,CLEAN,
INV-3108,CLEAN,
INV-3109,CLEAN,
INV-3110,CLEAN,
INV-3111,CLEAN,
INV-3112,CLEAN,
INV-3113,CLEAN,
INV-3114,CLEAN,
INV-3115,CLEAN,
INV-3116,CLEAN,
INV-3117,CLEAN,
INV-3118,CLEAN,
INV-3119,CLEAN,
INV-3120,CLEAN,
INV-3121,CLEAN,
INV-3122,CLEAN,
INV-3123,CLEAN,
INV-3124,CLEAN,
INV-3125,CLEAN,
INV-3126,CLEAN,
INV-3127,CLEAN,
INV-3128,CLEAN,
INV-3129,CLEAN,
INV-3130,CLEAN,
INV-3131,CLEAN,
INV-3132,CLEAN,
INV-3133,CLEAN,
INV-3134,CLEAN,
INV-3135,CLEAN,
INV-3136,CLEAN,
INV-3137,CLEAN,
INV-3138,CLEAN,
INV-3139,CLEAN,
INV-3140,CLEAN,
INV-3141,CLEAN,
INV-3142,CLEAN,
INV-3143,CLEAN,
INV-3144,CLEAN,
INV-3145,CLEAN,
INV-3146,CLEAN,
INV-3147,CLEAN,
INV-3148,CLEAN,
INV-3149,CLEAN,
INV-3150,CLEAN,
INV-3151,CLEAN,
INV-3152,CLEAN,
INV-3153,CLEAN,
INV-3154,CLEAN,
INV-3155,CLEAN,
INV-3156,CLEAN,
INV-3157,CLEAN,
INV-3158,CLEAN,
INV-3159,CLEAN,
INV-3160,CLEAN,
INV-3161,CLEAN,
INV-3162,CLEAN,
INV-3163,CLEAN,
INV-3164,CLEAN,
INV-3165,CLEAN,
INV-3166,CLEAN,
INV-3167,CLEAN,
INV-3168,CLEAN,
INV-3169,CLEAN,
INV-3170,CLEAN,
INV-3171,CLEAN,
INV-3172,CLEAN,
INV-3173,CLEAN,
INV-3174,CLEAN,
INV-3175,CLEAN,
INV-3176,CLEAN,
INV-3177,CLEAN,
INV-3178,CLEAN,
INV-3179,CLEAN,
INV-3180,CLEAN,
INV-3181,CLEAN,
INV-3182,CLEAN,
INV-3183,CLEAN,
INV-3184,CLEAN,
INV-3185,CLEAN,
INV-3186,CLEAN,
INV-3187,CLEAN,
INV-3188,CLEAN,
INV-3189,CLEAN,
INV-3190,CLEAN,
INV-3191,CLEAN,
INV-3192,CLEAN,
INV-3193,CLEAN,
INV-3194,CLEAN,
INV-3195,CLEAN,
INV-3196,CLEAN,
INV-3197,CLEAN,
INV-3198,CLEAN,
INV-3199,CLEAN,
INV-3200,CLEAN,
INV-3201,CLEAN,
INV-3202,CLEAN,
INV-3203,CLEAN,
INV-3204,CLEAN,
INV-3205,CLEAN,
INV-3206,CLEAN,
INV-3207,CLEAN,
INV-3208,CLEAN,
INV-3209,CLEAN,
INV-3210,CLEAN,
INV-3211,CLEAN,
INV-3212,CLEAN,
INV-3213,CLEAN,
INV-3214,CLEAN,
INV-3215,CLEAN,
INV-3216,CLEAN,
INV-3217,CLEAN,
INV-3218,CLEAN,
INV-3219,CLEAN,
INV-3220,CLEAN,
INV-3221,CLEAN,
INV-3222,CLEAN,
INV-3223,CLEAN,
INV-3224,CLEAN,
INV-3225,CLEAN,
INV-3226,CLEAN,
INV-3227,CLEAN,
INV-3228,CLEAN,
INV-3229,CLEAN,
INV-3230,CLEAN,
INV-3231,CLEAN,
INV-3232,CLEAN,
INV-3233,CLEAN,
INV-3234,CLEAN,
INV-3235,CLEAN,
INV-3236,CLEAN,
INV-3237,CLEAN,
INV-3238,CLEAN,
INV-3239,CLEAN,
INV-3240,CLEAN,
INV-3241,CLEAN,
INV-3242,CLEAN,
INV-3243,CLEAN,
INV-3244,CLEAN,
INV-3245,CLEAN,
INV-3246,CLEAN,
INV-3247,CLEAN,
INV-3248,CLEAN,
INV-3249,CLEAN,
INV-3250,CLEAN,
INV-3251,CLEAN,
INV-3252,CLEAN,
INV-3253,CLEAN,
INV-3254,CLEAN,
INV-3255,CLEAN,
INV-3256,CLEAN,
INV-3257,CLEAN,
INV-3258,CLEAN,
INV-3259,CLEAN,
INV-3260,CLEAN,
INV-3261,CLEAN,
INV-3262,CLEAN,
INV-3263,CLEAN,
INV-3264,CLEAN,
INV-3265,CLEAN,
INV-3266,CLEAN,
INV-3267,CLEAN,
INV-3268,CLEAN,
INV-3269,CLEAN,
INV-3270,CLEAN,
INV-3271,CLEAN,
INV-3272,CLEAN,
INV-3273,CLEAN,
INV-3274,CLEAN,
INV-3275,CLEAN,
INV-3276,CLEAN,
INV-3277,CLEAN,
INV-3278,CLEAN,
INV-3279,CLEAN,
INV-3280,CLEAN,
INV-3281,CLEAN,
INV-3282,CLEAN,
INV-3283,CLEAN,
INV-3284,CLEAN,
INV-3285,CLEAN,
INV-3286,CLEAN,
INV-3287,CLEAN,
INV-3288,CLEAN,
INV-3289,CLEAN,
INV-3290,CLEAN,
INV-3291,CLEAN,
INV-3292,CLEAN,
INV-3293,CLEAN,
INV-3294,CLEAN,
INV-3295,CLEAN,
INV-3296,CLEAN,
INV-3297,CLEAN,
INV-3298,CLEAN,
INV-3299,CLEAN,
INV-3300,CLEAN,
INV-3301,CLEAN,
INV-3302,CLEAN,
INV-3303,CLEAN,
INV-3304,CLEAN,
INV-3305,CLEAN,
INV-3306,CLEAN,
INV-3307,CLEAN,
INV-3308,CLEAN,
INV-3309,CLEAN,
INV-3310,CLEAN,
INV-3311,CLEAN,
INV-3312,CLEAN,
INV-3313,CLEAN,
INV-3314,CLEAN,
INV-3315,CLEAN,
INV-3316,CLEAN,
INV-3317,CLEAN,
INV-3318,CLEAN,
INV-3319,CLEAN,
INV-3320,CLEAN,
INV-3321,CLEAN,
INV-3322,CLEAN,
INV-3323,CLEAN,
INV-3324,CLEAN,
INV-3325,CLEAN,
INV-3326,CLEAN,
INV-3327,CLEAN,
INV-3328,CLEAN,
INV-3329,CLEAN,
INV-3330,CLEAN,
INV-3331,CLEAN,
INV-3332,CLEAN,
INV-3333,CLEAN,
INV-3334,CLEAN,
INV-3335,CLEAN,
INV-3336,CLEAN,
INV-3337,CLEAN,
INV-3338,CLEAN,
INV-3339,CLEAN,
INV-3340,CLEAN,
INV-3341,CLEAN,
INV-3342,CLEAN,
INV-3343,CLEAN,
INV-3344,CLEAN,
INV-3345,CLEAN,
INV-3346,CLEAN,
INV-3347,CLEAN,
INV-3348,CLEAN,
INV-3349,CLEAN,
INV-3350,CLEAN,
INV-3351,CLEAN,
INV-3352,CLEAN,
INV-3353,CLEAN,
INV-3354,CLEAN,
INV-3355,CLEAN,
INV-3356,CLEAN,
INV-3357,CLEAN,
INV-3358,CLEAN,
INV-3359,CLEAN,
INV-3360,CLEAN,
INV-3361,CLEAN,
INV-3362,CLEAN,
INV-3363,CLEAN,
INV-3364,CLEAN,
INV-3365,CLEAN,
INV-3366,CLEAN,
INV-3367,CLEAN,
INV-3368,CLEAN,
INV-3369,CLEAN,
INV-3370,CLEAN,
INV-3371,CLEAN,
INV-3372,CLEAN,
INV-3373,CLEAN,
INV-3374,CLEAN,
INV-3375,CLEAN,
INV-3376,CLEAN,
INV-3377,CLEAN,
INV-3378,CLEAN,
INV-3379,CLEAN,
INV-3380,CLEAN,
INV-3381,CLEAN,
INV-3382,CLEAN,
INV-3383,CLEAN,
INV-3384,CLEAN,
INV-3385,CLEAN,
INV-3386,CLEAN,
INV-3387,CLEAN,
INV-3388,CLEAN,
INV-3389,CLEAN,
INV-3390,CLEAN,
INV-3391,CLEAN,
INV-3392,CLEAN,
INV-3393,CLEAN,
INV-3394,CLEAN,
INV-3395,CLEAN,
INV-3396,CLEAN,
INV-3397,CLEAN,
INV-3398,CLEAN,
INV-3399,CLEAN,
INV-3400,CLEAN,
INV-3401,CLEAN,
INV-3402,CLEAN,
INV-3403,CLEAN,
INV-3404,CLEAN,
INV-3405,CLEAN,
INV-3406,CLEAN,
INV-3407,CLEAN,
INV-3408,CLEAN,
INV-3409,CLEAN,
INV-3410,CLEAN,
INV-3411,CLEAN,
INV-3412,CLEAN,
INV-3413,CLEAN,
INV-3414,CLEAN,
INV-3415,CLEAN,
INV-3416,CLEAN,
INV-3417,CLEAN,
INV-3418,CLEAN,
INV-3419,CLEAN,
INV-3420,CLEAN,
INV-3421,CLEAN,
INV-3422,CLEAN,
INV-3423,CLEAN,
INV-3424,CLEAN,
INV-3425,CLEAN,
INV-3426,CLEAN,
INV-3427,CLEAN,
INV-3428,CLEAN,
INV-3429,CLEAN,
INV-3430,CLEAN,
INV-3431,CLEAN,
INV-3432,CLEAN,
INV-3433,CLEAN,
INV-3434,CLEAN,
INV-3435,CLEAN,
INV-3436,CLEAN,
INV-3437,CLEAN,
INV-3438,CLEAN,
INV-3439,CLEAN,
INV-3440,CLEAN,
INV-3441,CLEAN,
INV-3442,CLEAN,
INV-3443,CLEAN,
INV-3444,CLEAN,
INV-3445,CLEAN,
INV-3446,CLEAN,
INV-3447,CLEAN,
INV-3448,CLEAN,
INV-3449,CLEAN,
INV-3450,CLEAN,
INV-3451,CLEAN,
INV-3452,CLEAN,
INV-3453,CLEAN,
INV-3454,CLEAN,
INV-3455,CLEAN,
INV-3456,CLEAN,
INV-3457,CLEAN,
INV-3458,CLEAN,
INV-3459,CLEAN,
INV-3460,CLEAN,
INV-3461,CLEAN,
INV-3462,CLEAN,
INV-3463,CLEAN,
INV-3464,CLEAN,
INV-3465,CLEAN,
INV-3466,CLEAN,
INV-3467,CLEAN,
INV-3468,CLEAN,
INV-3469,CLEAN,
INV-3470,CLEAN,
INV-3471,CLEAN,
INV-3472,CLEAN,
INV-3473,CLEAN,
INV-3474,CLEAN,
INV-3475,CLEAN,
INV-3476,CLEAN,
INV-3477,CLEAN,
INV-3478,CLEAN,
INV-3479,CLEAN,
INV-3480,CLEAN,
INV-3481,CLEAN,
INV-3482,CLEAN,
INV-3483,CLEAN,
INV-3484,CLEAN,
INV-3485,CLEAN,
INV-3486,CLEAN,
INV-3487,CLEAN,
INV-3488,CLEAN,
INV-3489,CLEAN,
INV-3490,CLEAN,
INV-3491,CLEAN,
INV-3492,CLEAN,
INV-3493,CLEAN,
INV-3494,CLEAN,
INV-3495,CLEAN,
INV-3496,CLEAN,
INV-3497,CLEAN,
INV-3498,CLEAN,
INV-3499,CLEAN,
INV-3500,CLEAN,
INV-3501,CLEAN,
INV-3502,CLEAN,
INV-3503,CLEAN,
INV-3504,CLEAN,
INV-3505,CLEAN,
INV-3506,CLEAN,
INV-3507,CLEAN,
INV-3508,CLEAN,
INV-3509,CLEAN,
INV-3510,CLEAN,
INV-3511,CLEAN,
INV-3512,CLEAN,
INV-3513,CLEAN,
INV-3514,CLEAN,
INV-3515,CLEAN,
INV-3516,CLEAN,
INV-3517,CLEAN,
INV-3518,CLEAN,
INV-3519,CLEAN,
INV-3520,CLEAN,
INV-3521,CLEAN,
INV-3522,CLEAN,
INV-3523,CLEAN,
INV-3524,CLEAN,
INV-3525,CLEAN,
INV-3526,CLEAN,
INV-3527,CLEAN,
INV-3528,CLEAN,
INV-3529,CLEAN,
INV-3530,CLEAN,
INV-3531,CLEAN,
INV-3532,CLEAN,
INV-3533,CLEAN,
INV-3534,CLEAN,
INV-3535,CLEAN,
INV-3536,CLEAN,
INV-3537,CLEAN,
INV-3538,CLEAN,
INV-3539,CLEAN,
INV-3540,CLEAN,
INV-3541,CLEAN,
INV-3542,CLEAN,
INV-3543,CLEAN,
INV-3544,CLEAN,
INV-3545,CLEAN,
INV-3546,CLEAN,
INV-3547,CLEAN,
INV-3548,CLEAN,
INV-3549,CLEAN,
INV-3550,CLEAN,
INV-3551,CLEAN,
INV-3552,CLEAN,
INV-3553,CLEAN,
INV-3554,CLEAN,
INV-3555,CLEAN,
INV-3556,CLEAN,
INV-3557,CLEAN,
INV-3558,CLEAN,
INV-3559,CLEAN,
INV-3560,CLEAN,
INV-3561,CLEAN,
INV-3562,CLEAN,
INV-3563,CLEAN,
INV-3564,CLEAN,
INV-3565,CLEAN,
INV-3566,CLEAN,
INV-3567,CLEAN,
INV-3568,CLEAN,
INV-3569,CLEAN,
INV-3570,CLEAN,
INV-3571,CLEAN,
INV-3572,CLEAN,
INV-3573,CLEAN,
INV-3574,CLEAN,
INV-3575,CLEAN,
INV-3576,CLEAN,
INV-3577,CLEAN,
INV-3578,CLEAN,
INV-3579,CLEAN,
INV-3580,CLEAN,
INV-3581,EXACT_DUPLICATE,INV-1531
INV-3582,EXACT_DUPLICATE,INV-2612
INV-3583,EXACT_DUPLICATE,INV-3541
INV-3584,EXACT_DUPLICATE,INV-1616
INV-3585,EXACT_DUPLICATE,INV-1865
INV-3586,EXACT_DUPLICATE,INV-1421
INV-3587,EXACT_DUPLICATE,INV-1042
INV-3588,EXACT_DUPLICATE,INV-2846
INV-3589,EXACT_DUPLICATE,INV-1090
INV-3590,EXACT_DUPLICATE,INV-3444
INV-3591,EXACT_DUPLICATE,INV-2812
INV-3592,EXACT_DUPLICATE,INV-2195
INV-3593,EXACT_DUPLICATE,INV-1712
INV-3594,EXACT_DUPLICATE,INV-3081
INV-3595,EXACT_DUPLICATE,INV-3372
INV-3596,EXACT_DUPLICATE,INV-2015
INV-3597,EXACT_DUPLICATE,INV-2554
INV-3598,EXACT_DUPLICATE,INV-1538
INV-3599,EXACT_DUPLICATE,INV-1528
INV-3600,EXACT_DUPLICATE,INV-1519
INV-3601,EXACT_DUPLICATE,INV-2457
INV-3602,EXACT_DUPLICATE,INV-2429
INV-3603,EXACT_DUPLICATE,INV-2925
INV-3604,EXACT_DUPLICATE,INV-1738
INV-3605,EXACT_DUPLICATE,INV-3113
INV-3606,EXACT_DUPLICATE,INV-1293
INV-3607,EXACT_DUPLICATE,INV-2403
INV-3608,EXACT_DUPLICATE,INV-2924
INV-3609,EXACT_DUPLICATE,INV-3347
INV-3610,EXACT_DUPLICATE,INV-1363
INV-3611,EXACT_DUPLICATE,INV-3166
INV-3612,EXACT_DUPLICATE,INV-1937
INV-3613,EXACT_DUPLICATE,INV-2437
INV-3614,EXACT_DUPLICATE,INV-2435
INV-3615,EXACT_DUPLICATE,INV-1604
INV-3616,EXACT_DUPLICATE,INV-2175
INV-3617,EXACT_DUPLICATE,INV-2087
INV-3618,EXACT_DUPLICATE,INV-1229
INV-3619,EXACT_DUPLICATE,INV-1110
INV-3620,EXACT_DUPLICATE,INV-1083
INV-3621,EXACT_DUPLICATE,INV-1887
INV-3622,EXACT_DUPLICATE,INV-1981
INV-3623,EXACT_DUPLICATE,INV-2347
INV-3624,EXACT_DUPLICATE,INV-2198
INV-3625,EXACT_DUPLICATE,INV-2322
INV-3626,EXACT_DUPLICATE,INV-3212
INV-3627,EXACT_DUPLICATE,INV-2336
INV-3628,EXACT_DUPLICATE,INV-1085
INV-3629,EXACT_DUPLICATE,INV-1858
INV-3630,EXACT_DUPLICATE,INV-1640
INV-3631,EXACT_DUPLICATE,INV-1670
INV-3632,EXACT_DUPLICATE,INV-1413
INV-3633,EXACT_DUPLICATE,INV-1748
INV-3634,EXACT_DUPLICATE,INV-2264
INV-3635,EXACT_DUPLICATE,INV-1388
INV-3636,EXACT_DUPLICATE,INV-1323
INV-3637,EXACT_DUPLICATE,INV-2049
INV-3638,EXACT_DUPLICATE,INV-3031
INV-3639,EXACT_DUPLICATE,INV-3070
INV-3640,EXACT_DUPLICATE,INV-1891
INV-3641,EXACT_DUPLICATE,INV-2867
INV-3642,EXACT_DUPLICATE,INV-2998
INV-3643,EXACT_DUPLICATE,INV-2516
INV-3644,EXACT_DUPLICATE,INV-2819
INV-3645,EXACT_DUPLICATE,INV-3547
INV-3646,EXACT_DUPLICATE,INV-1082
INV-3647,EXACT_DUPLICATE,INV-1534
INV-3648,EXACT_DUPLICATE,INV-1891
INV-3649,EXACT_DUPLICATE,INV-2818
INV-3650,EXACT_DUPLICATE,INV-1735
INV-3651,EXACT_DUPLICATE,INV-1829
INV-3652,EXACT_DUPLICATE,INV-2751
INV-3653,EXACT_DUPLICATE,INV-2856
INV-3654,EXACT_DUPLICATE,INV-1014
INV-3655,EXACT_DUPLICATE,INV-3484
INV-3656,EXACT_DUPLICATE,INV-1216
INV-3657,EXACT_DUPLICATE,INV-3012
INV-3658,EXACT_DUPLICATE,INV-2972
INV-3659,EXACT_DUPLICATE,INV-3546
INV-3660,EXACT_DUPLICATE,INV-2807
INV-3661,EXACT_DUPLICATE,INV-3119
INV-3662,EXACT_DUPLICATE,INV-3027
INV-3663,EXACT_DUPLICATE,INV-1668
INV-3664,EXACT_DUPLICATE,INV-3541
INV-3665,EXACT_DUPLICATE,INV-3547
INV-3666,EXACT_DUPLICATE,INV-1800
INV-3667,EXACT_DUPLICATE,INV-3318
INV-3668,EXACT_DUPLICATE,INV-3127
INV-3669,EXACT_DUPLICATE,INV-2483
INV-3670,EXACT_DUPLICATE,INV-2097
INV-3671,FUZZY_DUPLICATE,INV-3402
INV-3672,FUZZY_DUPLICATE,INV-2485
INV-3673,FUZZY_DUPLICATE,INV-3160
INV-3674,FUZZY_DUPLICATE,INV-1602
INV-3675,FUZZY_DUPLICATE,INV-1413
INV-3676,FUZZY_DUPLICATE,INV-2294
INV-3677,FUZZY_DUPLICATE,INV-1680
INV-3678,FUZZY_DUPLICATE,INV-3226
INV-3679,FUZZY_DUPLICATE,INV-2480
INV-3680,FUZZY_DUPLICATE,INV-1918
INV-3681,FUZZY_DUPLICATE,INV-2827
INV-3682,FUZZY_DUPLICATE,INV-1874
INV-3683,FUZZY_DUPLICATE,INV-3028
INV-3684,FUZZY_DUPLICATE,INV-3525
INV-3685,FUZZY_DUPLICATE,INV-1389
INV-3686,FUZZY_DUPLICATE,INV-2478
INV-3687,FUZZY_DUPLICATE,INV-1462
INV-3688,FUZZY_DUPLICATE,INV-1084
INV-3689,FUZZY_DUPLICATE,INV-3043
INV-3690,FUZZY_DUPLICATE,INV-3502
INV-3691,FUZZY_DUPLICATE,INV-3138
INV-3692,FUZZY_DUPLICATE,INV-1021
INV-3693,FUZZY_DUPLICATE,INV-1513
INV-3694,FUZZY_DUPLICATE,INV-1219
INV-3695,FUZZY_DUPLICATE,INV-1392
INV-3696,FUZZY_DUPLICATE,INV-1884
INV-3697,FUZZY_DUPLICATE,INV-1853
INV-3698,FUZZY_DUPLICATE,INV-3358
INV-3699,FUZZY_DUPLICATE,INV-3040
INV-3700,FUZZY_DUPLICATE,INV-1768
INV-3701,FUZZY_DUPLICATE,INV-3503
INV-3702,FUZZY_DUPLICATE,INV-1364
INV-3703,FUZZY_DUPLICATE,INV-2066
INV-3704,FUZZY_DUPLICATE,INV-3016
INV-3705,FUZZY_DUPLICATE,INV-2332
INV-3706,FUZZY_DUPLICATE,INV-1398
INV-3707,FUZZY_DUPLICATE,INV-3494
INV-3708,FUZZY_DUPLICATE,INV-3313
INV-3709,FUZZY_DUPLICATE,INV-3354
INV-3710,FUZZY_DUPLICATE,INV-2077
INV-3711,FUZZY_DUPLICATE,INV-2139
INV-3712,FUZZY_DUPLICATE,INV-1578
INV-3713,FUZZY_DUPLICATE,INV-1305
INV-3714,FUZZY_DUPLICATE,INV-1937
INV-3715,FUZZY_DUPLICATE,INV-2358
INV-3716,FUZZY_DUPLICATE,INV-2313
INV-3717,FUZZY_DUPLICATE,INV-1640
INV-3718,FUZZY_DUPLICATE,INV-1486
INV-3719,FUZZY_DUPLICATE,INV-1368
INV-3720,FUZZY_DUPLICATE,INV-2856
INV-3721,FUZZY_DUPLICATE,INV-2455
INV-3722,FUZZY_DUPLICATE,INV-2138
INV-3723,FUZZY_DUPLICATE,INV-2760
INV-3724,FUZZY_DUPLICATE,INV-2649
INV-3725,FUZZY_DUPLICATE,INV-2542
INV-3726,FUZZY_DUPLICATE,INV-2364
INV-3727,FUZZY_DUPLICATE,INV-2115
INV-3728,FUZZY_DUPLICATE,INV-1760
INV-3729,FUZZY_DUPLICATE,INV-2858
INV-3730,FUZZY_DUPLICATE,INV-2517
INV-3731,FUZZY_DUPLICATE,INV-2876
INV-3732,FUZZY_DUPLICATE,INV-2953
INV-3733,FUZZY_DUPLICATE,INV-1241
INV-3734,FUZZY_DUPLICATE,INV-3129
INV-3735,FUZZY_DUPLICATE,INV-1623
INV-3736,FUZZY_DUPLICATE,INV-3507
INV-3737,FUZZY_DUPLICATE,INV-2746
INV-3738,FUZZY_DUPLICATE,INV-2273
INV-3739,FUZZY_DUPLICATE,INV-1096
INV-3740,FUZZY_DUPLICATE,INV-1401
INV-3741,FUZZY_DUPLICATE,INV-2370
INV-3742,FUZZY_DUPLICATE,INV-1052
INV-3743,FUZZY_DUPLICATE,INV-2214
INV-3744,FUZZY_DUPLICATE,INV-1001
INV-3745,FUZZY_DUPLICATE,INV-2712
INV-3746,MISSING_GST,
INV-3747,MISSING_GST,
INV-3748,MISSING_GST,
INV-3749,MISSING_GST,
INV-3750,MISSING_GST,
INV-3751,MISSING_GST,
INV-3752,MISSING_GST,
INV-3753,MISSING_GST,
INV-3754,MISSING_GST,
INV-3755,MISSING_GST,
INV-3756,MISSING_GST,
INV-3757,MISSING_GST,
INV-3758,MISSING_GST,
INV-3759,MISSING_GST,
INV-3760,MISSING_GST,
INV-3761,MISSING_GST,
INV-3762,MISSING_GST,
INV-3763,MISSING_GST,
INV-3764,MISSING_GST,
INV-3765,MISSING_GST,
INV-3766,MISSING_GST,
INV-3767,MISSING_GST,
INV-3768,MISSING_GST,
INV-3769,MISSING_GST,
INV-3770,MISSING_GST,
INV-3771,MISSING_GST,
INV-3772,MISSING_GST,
INV-3773,MISSING_GST,
INV-3774,MISSING_GST,
INV-3775,MISSING_GST,
INV-3776,MISSING_GST,
INV-3777,MISSING_GST,
INV-3778,MISSING_GST,
INV-3779,MISSING_GST,
INV-3780,MISSING_GST,
INV-3781,MISSING_GST,
INV-3782,MISSING_GST,
INV-3783,MISSING_GST,
INV-3784,MISSING_GST,
INV-3785,MISSING_GST,
INV-3786,MISSING_GST,
INV-3787,MISSING_GST,
INV-3788,MISSING_GST,
INV-3789,MISSING_GST,
INV-3790,MISSING_GST,
INV-3791,MISSING_GST,
INV-3792,MISSING_GST,
INV-3793,MISSING_GST,
INV-3794,MISSING_GST,
INV-3795,MISSING_GST,
INV-3796,MISSING_GST,
INV-3797,MISSING_GST,
INV-3798,MISSING_GST,
INV-3799,MISSING_GST,
INV-3800,MISSING_GST,
INV-3801,MISSING_GST,
INV-3802,MISSING_GST,
INV-3803,MISSING_GST,
INV-3804,MISSING_GST,
INV-3805,MISSING_GST,
INV-3806,MISSING_PO,
INV-3807,MISSING_PO,
INV-3808,MISSING_PO,
INV-3809,MISSING_PO,
INV-3810,MISSING_PO,
INV-3811,MISSING_PO,
INV-3812,MISSING_PO,
INV-3813,MISSING_PO,
INV-3814,MISSING_PO,
INV-3815,MISSING_PO,
INV-3816,MISSING_PO,
INV-3817,MISSING_PO,
INV-3818,MISSING_PO,
INV-3819,MISSING_PO,
INV-3820,MISSING_PO,
INV-3821,MISSING_PO,
INV-3822,MISSING_PO,
INV-3823,MISSING_PO,
INV-3824,MISSING_PO,
INV-3825,MISSING_PO,
INV-3826,MISSING_PO,
INV-3827,MISSING_PO,
INV-3828,MISSING_PO,
INV-3829,MISSING_PO,
INV-3830,MISSING_PO,
INV-3831,MISSING_PO,
INV-3832,MISSING_PO,
INV-3833,MISSING_PO,
INV-3834,MISSING_PO,
INV-3835,MISSING_PO,
INV-3836,MISSING_PO,
INV-3837,MISSING_PO,
INV-3838,MISSING_PO,
INV-3839,MISSING_PO,
INV-3840,MISSING_PO,
INV-3841,MISSING_PO,
INV-3842,MISSING_PO,
INV-3843,MISSING_PO,
INV-3844,MISSING_PO,
INV-3845,MISSING_PO,
INV-3846,MISSING_PO,
INV-3847,MISSING_PO,
INV-3848,MISSING_PO,
INV-3849,MISSING_PO,
INV-3850,MISSING_PO,
INV-3851,OVER_LIMIT,
INV-3852,OVER_LIMIT,
INV-3853,OVER_LIMIT,
INV-3854,OVER_LIMIT,
INV-3855,OVER_LIMIT,
INV-3856,OVER_LIMIT,
INV-3857,OVER_LIMIT,
INV-3858,OVER_LIMIT,
INV-3859,OVER_LIMIT,
INV-3860,OVER_LIMIT,
INV-3861,OVER_LIMIT,
INV-3862,OVER_LIMIT,
INV-3863,OVER_LIMIT,
INV-3864,OVER_LIMIT,
INV-3865,OVER_LIMIT,
INV-3866,OVER_LIMIT,
INV-3867,OVER_LIMIT,
INV-3868,OVER_LIMIT,
INV-3869,OVER_LIMIT,
INV-3870,OVER_LIMIT,
INV-3871,OVER_LIMIT,
INV-3872,OVER_LIMIT,
INV-3873,OVER_LIMIT,
INV-3874,OVER_LIMIT,
INV-3875,OVER_LIMIT,
INV-3876,OVER_LIMIT,
INV-3877,OVER_LIMIT,
INV-3878,OVER_LIMIT,
INV-3879,OVER_LIMIT,
INV-3880,OVER_LIMIT,
INV-3881,OVER_LIMIT,
INV-3882,OVER_LIMIT,
INV-3883,OVER_LIMIT,
INV-3884,OVER_LIMIT,
INV-3885,OVER_LIMIT,
INV-3886,OVER_LIMIT,
INV-3887,OVER_LIMIT,
INV-3888,OVER_LIMIT,
INV-3889,OVER_LIMIT,
INV-3890,OVER_LIMIT,
INV-3891,OVER_LIMIT,
INV-3892,OVER_LIMIT,
INV-3893,OVER_LIMIT,
INV-3894,OVER_LIMIT,
INV-3895,OVER_LIMIT,
INV-3896,OVER_LIMIT,
INV-3897,OVER_LIMIT,
INV-3898,OVER_LIMIT,
INV-3899,OVER_LIMIT,
INV-3900,OVER_LIMIT,
INV-3901,OVER_LIMIT,
INV-3902,OVER_LIMIT,
INV-3903,OVER_LIMIT,
INV-3904,OVER_LIMIT,
INV-3905,OVER_LIMIT,
INV-3906,OVER_LIMIT,
INV-3907,OVER_LIMIT,
INV-3908,OVER_LIMIT,
INV-3909,OVER_LIMIT,
INV-3910,OVER_LIMIT,
INV-3911,APPROVAL_MISMATCH,
INV-3912,APPROVAL_MISMATCH,
INV-3913,APPROVAL_MISMATCH,
INV-3914,APPROVAL_MISMATCH,
INV-3915,APPROVAL_MISMATCH,
INV-3916,APPROVAL_MISMATCH,
INV-3917,APPROVAL_MISMATCH,
INV-3918,APPROVAL_MISMATCH,
INV-3919,APPROVAL_MISMATCH,
INV-3920,APPROVAL_MISMATCH,
INV-3921,APPROVAL_MISMATCH,
INV-3922,APPROVAL_MISMATCH,
INV-3923,APPROVAL_MISMATCH,
INV-3924,APPROVAL_MISMATCH,
INV-3925,APPROVAL_MISMATCH,
INV-3926,APPROVAL_MISMATCH,
INV-3927,APPROVAL_MISMATCH,
INV-3928,APPROVAL_MISMATCH,
INV-3929,APPROVAL_MISMATCH,
INV-3930,APPROVAL_MISMATCH,
INV-3931,APPROVAL_MISMATCH,
INV-3932,APPROVAL_MISMATCH,
INV-3933,APPROVAL_MISMATCH,
INV-3934,APPROVAL_MISMATCH,
INV-3935,APPROVAL_MISMATCH,
INV-3936,APPROVAL_MISMATCH,
INV-3937,APPROVAL_MISMATCH,
INV-3938,APPROVAL_MISMATCH,
INV-3939,APPROVAL_MISMATCH,
INV-3940,APPROVAL_MISMATCH,
INV-3941,BANK_ACCOUNT_MISMATCH,on-file:XXXX-XXXX-9279
INV-3942,BANK_ACCOUNT_MISMATCH,on-file:XXXX-XXXX-2424
INV-3943,BANK_ACCOUNT_MISMATCH,on-file:XXXX-XXXX-2584
INV-3944,BANK_ACCOUNT_MISMATCH,on-file:XXXX-XXXX-5333
INV-3945,BANK_ACCOUNT_MISMATCH,on-file:XXXX-XXXX-4257
INV-3946,BANK_ACCOUNT_MISMATCH,on-file:XXXX-XXXX-6574
INV-3947,BANK_ACCOUNT_MISMATCH,on-file:XXXX-XXXX-7912
INV-3948,BANK_ACCOUNT_MISMATCH,on-file:XXXX-XXXX-1711
INV-3949,BANK_ACCOUNT_MISMATCH,on-file:XXXX-XXXX-1488
INV-3950,BANK_ACCOUNT_MISMATCH,on-file:XXXX-XXXX-3045
INV-3951,BANK_ACCOUNT_MISMATCH,on-file:XXXX-XXXX-8359
INV-3952,BANK_ACCOUNT_MISMATCH,on-file:XXXX-XXXX-2824
INV-3953,BANK_ACCOUNT_MISMATCH,on-file:XXXX-XXXX-9279
INV-3954,BANK_ACCOUNT_MISMATCH,on-file:XXXX-XXXX-9785
INV-3955,BANK_ACCOUNT_MISMATCH,on-file:XXXX-XXXX-5012
INV-3956,BANK_ACCOUNT_MISMATCH,on-file:XXXX-XXXX-9785
INV-3957,BANK_ACCOUNT_MISMATCH,on-file:XXXX-XXXX-8359
INV-3958,BANK_ACCOUNT_MISMATCH,on-file:XXXX-XXXX-6881
INV-3959,BANK_ACCOUNT_MISMATCH,on-file:XXXX-XXXX-5506
INV-3960,BANK_ACCOUNT_MISMATCH,on-file:XXXX-XXXX-5012
INV-3961,BANK_ACCOUNT_MISMATCH,on-file:XXXX-XXXX-4657
INV-3962,BANK_ACCOUNT_MISMATCH,on-file:XXXX-XXXX-3547
INV-3963,BANK_ACCOUNT_MISMATCH,on-file:XXXX-XXXX-2584
INV-3964,BANK_ACCOUNT_MISMATCH,on-file:XXXX-XXXX-4611
INV-3965,BANK_ACCOUNT_MISMATCH,on-file:XXXX-XXXX-1488
INV-3966,BANK_ACCOUNT_MISMATCH,on-file:XXXX-XXXX-4257
INV-3967,BANK_ACCOUNT_MISMATCH,on-file:XXXX-XXXX-7224
INV-3968,BANK_ACCOUNT_MISMATCH,on-file:XXXX-XXXX-3045
INV-3969,BANK_ACCOUNT_MISMATCH,on-file:XXXX-XXXX-7912
INV-3970,BANK_ACCOUNT_MISMATCH,on-file:XXXX-XXXX-9785
INV-3971,FUTURE_DATED,
INV-3972,FUTURE_DATED,
INV-3973,FUTURE_DATED,
INV-3974,FUTURE_DATED,
INV-3975,FUTURE_DATED,
INV-3976,FUTURE_DATED,
INV-3977,FUTURE_DATED,
INV-3978,FUTURE_DATED,
INV-3979,FUTURE_DATED,
INV-3980,FUTURE_DATED,
INV-3981,FUTURE_DATED,
INV-3982,FUTURE_DATED,
INV-3983,FUTURE_DATED,
INV-3984,FUTURE_DATED,
INV-3985,FUTURE_DATED,
INV-3986,PO_AMOUNT_MISMATCH,
INV-3987,PO_AMOUNT_MISMATCH,
INV-3988,PO_AMOUNT_MISMATCH,
INV-3989,PO_AMOUNT_MISMATCH,
INV-3990,PO_AMOUNT_MISMATCH,
INV-3991,PO_AMOUNT_MISMATCH,
INV-3992,PO_AMOUNT_MISMATCH,
INV-3993,PO_AMOUNT_MISMATCH,
INV-3994,PO_AMOUNT_MISMATCH,
INV-3995,PO_AMOUNT_MISMATCH,
INV-3996,PO_AMOUNT_MISMATCH,
INV-3997,PO_AMOUNT_MISMATCH,
INV-3998,PO_AMOUNT_MISMATCH,
INV-3999,PO_AMOUNT_MISMATCH,
INV-4000,PO_AMOUNT_MISMATCH,
